figure_version,panel,tour,slam,model,sample,period,window_start_year,window_end_year,metric,value,ci_lower,ci_upper,score_matches,source_artifact
slam-upsets-final-v1,long_run_actual_expected,ATP,Australian Open,surface_adjusted_elo,maximum_available,1988-2025,,,expected_per_100,31.537499182083696,31.017814521327207,32.06400801838664,4639,artifacts/slam_upsets/upset_summary.csv
slam-upsets-final-v1,long_run_actual_expected,ATP,Australian Open,surface_adjusted_elo,maximum_available,1988-2025,,,actual_per_100,27.915499029963353,26.59605405031046,29.3486502253872,4639,artifacts/slam_upsets/upset_summary.csv
slam-upsets-final-v1,long_run_actual_expected,ATP,Roland Garros,surface_adjusted_elo,maximum_available,1988-2025,,,expected_per_100,31.866907030382848,31.332767200530057,32.36848386063177,4663,artifacts/slam_upsets/upset_summary.csv
slam-upsets-final-v1,long_run_actual_expected,ATP,Roland Garros,surface_adjusted_elo,maximum_available,1988-2025,,,actual_per_100,28.405921476078092,26.648079586182927,30.237268638627803,4663,artifacts/slam_upsets/upset_summary.csv
slam-upsets-final-v1,long_run_actual_expected,ATP,Wimbledon,surface_adjusted_elo,maximum_available,1988-2025,,,expected_per_100,33.10778004467746,32.554215068595106,33.61967037676876,4562,artifacts/slam_upsets/upset_summary.csv
slam-upsets-final-v1,long_run_actual_expected,ATP,Wimbledon,surface_adjusted_elo,maximum_available,1988-2025,,,actual_per_100,28.737395879000438,27.34505978621139,30.109334692935565,4562,artifacts/slam_upsets/upset_summary.csv
slam-upsets-final-v1,long_run_actual_expected,ATP,US Open,surface_adjusted_elo,maximum_available,1988-2025,,,expected_per_100,31.70960789906051,31.121253928924098,32.27327817249885,4589,artifacts/slam_upsets/upset_summary.csv
slam-upsets-final-v1,long_run_actual_expected,ATP,US Open,surface_adjusted_elo,maximum_available,1988-2025,,,actual_per_100,27.141922825376064,25.80203857613298,28.438040029367787,4589,artifacts/slam_upsets/upset_summary.csv
slam-upsets-final-v1,long_run_actual_expected,WTA,Australian Open,surface_adjusted_elo,maximum_available,1988-2025,,,expected_per_100,26.80926607092982,26.32748107007511,27.261350078664027,4763,artifacts/slam_upsets/upset_summary.csv
slam-upsets-final-v1,long_run_actual_expected,WTA,Australian Open,surface_adjusted_elo,maximum_available,1988-2025,,,actual_per_100,27.692630694940163,26.384466147812123,29.115267790821566,4763,artifacts/slam_upsets/upset_summary.csv
slam-upsets-final-v1,long_run_actual_expected,WTA,Roland Garros,surface_adjusted_elo,maximum_available,1988-2025,,,expected_per_100,27.635701014839192,27.0869644339986,28.200697728248095,4755,artifacts/slam_upsets/upset_summary.csv
slam-upsets-final-v1,long_run_actual_expected,WTA,Roland Garros,surface_adjusted_elo,maximum_available,1988-2025,,,actual_per_100,28.853838065194534,27.230168637408322,30.47520492149643,4755,artifacts/slam_upsets/upset_summary.csv
slam-upsets-final-v1,long_run_actual_expected,WTA,Wimbledon,surface_adjusted_elo,maximum_available,1988-2025,,,expected_per_100,28.64876650562766,28.033964656001118,29.270456655130204,4635,artifacts/slam_upsets/upset_summary.csv
slam-upsets-final-v1,long_run_actual_expected,WTA,Wimbledon,surface_adjusted_elo,maximum_available,1988-2025,,,actual_per_100,28.112189859762676,26.525972873269907,29.725701102085633,4635,artifacts/slam_upsets/upset_summary.csv
slam-upsets-final-v1,long_run_actual_expected,WTA,US Open,surface_adjusted_elo,maximum_available,1988-2025,,,expected_per_100,26.80540975490478,26.231820109092894,27.42851548847364,4758,artifacts/slam_upsets/upset_summary.csv
slam-upsets-final-v1,long_run_actual_expected,WTA,US Open,surface_adjusted_elo,maximum_available,1988-2025,,,actual_per_100,26.256043725036786,24.968473485658325,27.483730321708364,4758,artifacts/slam_upsets/upset_summary.csv
slam-upsets-final-v1,wta_latest_era_context,WTA,Australian Open,surface_adjusted_elo,maximum_available,1988-1999,1988,1999,expected_per_100,26.26240975849148,25.649582960518508,26.841564344899872,1509,artifacts/slam_upsets/upset_summary.csv
slam-upsets-final-v1,wta_latest_era_context,WTA,Australian Open,surface_adjusted_elo,maximum_available,1988-1999,1988,1999,actual_per_100,26.176275679257788,23.641901809217035,28.64711594164735,1509,artifacts/slam_upsets/upset_summary.csv
slam-upsets-final-v1,wta_latest_era_context,WTA,Australian Open,surface_adjusted_elo,maximum_available,2020-2025,2020,2025,expected_per_100,28.690893067652837,28.11899027639017,29.283607012049885,753,artifacts/slam_upsets/upset_summary.csv
slam-upsets-final-v1,wta_latest_era_context,WTA,Australian Open,surface_adjusted_elo,maximum_available,2020-2025,2020,2025,actual_per_100,30.544488711819387,27.344782034346107,34.22818791946309,753,artifacts/slam_upsets/upset_summary.csv
slam-upsets-final-v1,wta_latest_era_context,WTA,Roland Garros,surface_adjusted_elo,maximum_available,1988-1999,1988,1999,expected_per_100,26.199929837465653,25.680708726999764,26.76037136756506,1506,artifacts/slam_upsets/upset_summary.csv
slam-upsets-final-v1,wta_latest_era_context,WTA,Roland Garros,surface_adjusted_elo,maximum_available,1988-1999,1988,1999,actual_per_100,26.958831341301458,23.659121252170543,30.232712355807788,1506,artifacts/slam_upsets/upset_summary.csv
slam-upsets-final-v1,wta_latest_era_context,WTA,Roland Garros,surface_adjusted_elo,maximum_available,2020-2025,2020,2025,expected_per_100,29.530253987828857,28.506454999511952,30.62899994943499,742,artifacts/slam_upsets/upset_summary.csv
slam-upsets-final-v1,wta_latest_era_context,WTA,Roland Garros,surface_adjusted_elo,maximum_available,2020-2025,2020,2025,actual_per_100,32.479784366576816,28.8,36.24071681376614,742,artifacts/slam_upsets/upset_summary.csv
slam-upsets-final-v1,wta_latest_era_context,WTA,Wimbledon,surface_adjusted_elo,maximum_available,1988-1999,1988,1999,expected_per_100,27.019264844977695,26.45506157487596,27.672275874891014,1515,artifacts/slam_upsets/upset_summary.csv
slam-upsets-final-v1,wta_latest_era_context,WTA,Wimbledon,surface_adjusted_elo,maximum_available,1988-1999,1988,1999,actual_per_100,25.214521452145213,22.69039100323106,27.67503302509908,1515,artifacts/slam_upsets/upset_summary.csv
slam-upsets-final-v1,wta_latest_era_context,WTA,Wimbledon,surface_adjusted_elo,maximum_available,2021-2025,2021,2025,expected_per_100,31.35682598735085,30.948296224886324,31.708649255191215,621,artifacts/slam_upsets/upset_summary.csv
slam-upsets-final-v1,wta_latest_era_context,WTA,Wimbledon,surface_adjusted_elo,maximum_available,2021-2025,2021,2025,actual_per_100,31.561996779388082,28.34138486312399,35.909822866344605,621,artifacts/slam_upsets/upset_summary.csv
slam-upsets-final-v1,wta_latest_era_context,WTA,US Open,surface_adjusted_elo,maximum_available,1988-1999,1988,1999,expected_per_100,25.563208835918097,24.983709767832007,26.158006565969306,1502,artifacts/slam_upsets/upset_summary.csv
slam-upsets-final-v1,wta_latest_era_context,WTA,US Open,surface_adjusted_elo,maximum_available,1988-1999,1988,1999,actual_per_100,24.966711051930762,22.748498999332888,26.994813829787233,1502,artifacts/slam_upsets/upset_summary.csv
slam-upsets-final-v1,wta_latest_era_context,WTA,US Open,surface_adjusted_elo,maximum_available,2020-2025,2020,2025,expected_per_100,28.8603503143843,28.252224797741803,29.45593154179218,749,artifacts/slam_upsets/upset_summary.csv
slam-upsets-final-v1,wta_latest_era_context,WTA,US Open,surface_adjusted_elo,maximum_available,2020-2025,2020,2025,actual_per_100,28.17089452603471,27.2972972972973,29.006622516556295,749,artifacts/slam_upsets/upset_summary.csv
slam-upsets-final-v1,rolling_five_excess,ATP,Australian Open,surface_adjusted_elo,maximum_available,1988-1992,1988,1992,excess_per_100,0.16707846156488879,-2.2513301349034713,2.981911526893033,621,artifacts/slam_upsets/rolling_five_editions.csv
slam-upsets-final-v1,rolling_five_excess,ATP,Australian Open,surface_adjusted_elo,maximum_available,1989-1993,1989,1993,excess_per_100,-2.706168231056148,-5.989851531864379,0.06912854658545008,622,artifacts/slam_upsets/rolling_five_editions.csv
slam-upsets-final-v1,rolling_five_excess,ATP,Australian Open,surface_adjusted_elo,maximum_available,1990-1994,1990,1994,excess_per_100,-3.4683138465966907,-7.075231376797116,-0.0031106963348702266,617,artifacts/slam_upsets/rolling_five_editions.csv
slam-upsets-final-v1,rolling_five_excess,ATP,Australian Open,surface_adjusted_elo,maximum_available,1991-1995,1991,1995,excess_per_100,-2.6487685700710455,-6.723881782065416,1.2303485119452462,617,artifacts/slam_upsets/rolling_five_editions.csv
slam-upsets-final-v1,rolling_five_excess,ATP,Australian Open,surface_adjusted_elo,maximum_available,1992-1996,1992,1996,excess_per_100,-4.177273912876681,-8.132031816420081,-0.08890085044597816,612,artifacts/slam_upsets/rolling_five_editions.csv
slam-upsets-final-v1,rolling_five_excess,ATP,Australian Open,surface_adjusted_elo,maximum_available,1993-1997,1993,1997,excess_per_100,-4.242451279793981,-8.132031816420081,-0.14067371551924748,610,artifacts/slam_upsets/rolling_five_editions.csv
slam-upsets-final-v1,rolling_five_excess,ATP,Australian Open,surface_adjusted_elo,maximum_available,1994-1998,1994,1998,excess_per_100,-2.3637846712933173,-6.024251051163574,1.1632672791352143,603,artifacts/slam_upsets/rolling_five_editions.csv
slam-upsets-final-v1,rolling_five_excess,ATP,Australian Open,surface_adjusted_elo,maximum_available,1995-1999,1995,1999,excess_per_100,-1.056126295782599,-4.14476023876155,1.1640945515295456,608,artifacts/slam_upsets/rolling_five_editions.csv
slam-upsets-final-v1,rolling_five_excess,ATP,Australian Open,surface_adjusted_elo,maximum_available,1996-2000,1996,2000,excess_per_100,-1.9870665510112966,-4.739588062774985,0.14773760450180304,609,artifacts/slam_upsets/rolling_five_editions.csv
slam-upsets-final-v1,rolling_five_excess,ATP,Australian Open,surface_adjusted_elo,maximum_available,1997-2001,1997,2001,excess_per_100,-1.8883730734718938,-4.391893470658109,0.14773760450180304,613,artifacts/slam_upsets/rolling_five_editions.csv
slam-upsets-final-v1,rolling_five_excess,ATP,Australian Open,surface_adjusted_elo,maximum_available,1998-2002,1998,2002,excess_per_100,-2.8733890869619936,-4.936785691465064,-0.812112979703506,613,artifacts/slam_upsets/rolling_five_editions.csv
slam-upsets-final-v1,rolling_five_excess,ATP,Australian Open,surface_adjusted_elo,maximum_available,1999-2003,1999,2003,excess_per_100,-3.7461891969111787,-5.327622750150723,-2.1060706168969823,613,artifacts/slam_upsets/rolling_five_editions.csv
slam-upsets-final-v1,rolling_five_excess,ATP,Australian Open,surface_adjusted_elo,maximum_available,2000-2004,2000,2004,excess_per_100,-3.936424067618629,-5.327622750150723,-2.630487970305263,609,artifacts/slam_upsets/rolling_five_editions.csv
slam-upsets-final-v1,rolling_five_excess,ATP,Australian Open,surface_adjusted_elo,maximum_available,2001-2005,2001,2005,excess_per_100,-4.58840326529848,-5.875097120344853,-3.211715546251018,606,artifacts/slam_upsets/rolling_five_editions.csv
slam-upsets-final-v1,rolling_five_excess,ATP,Australian Open,surface_adjusted_elo,maximum_available,2002-2006,2002,2006,excess_per_100,-3.558951455115463,-4.864184306069366,-2.229146331928579,604,artifacts/slam_upsets/rolling_five_editions.csv
slam-upsets-final-v1,rolling_five_excess,ATP,Australian Open,surface_adjusted_elo,maximum_available,2003-2007,2003,2007,excess_per_100,-3.6941873119408117,-5.045944889750972,-2.358460577515542,602,artifacts/slam_upsets/rolling_five_editions.csv
slam-upsets-final-v1,rolling_five_excess,ATP,Australian Open,surface_adjusted_elo,maximum_available,2004-2008,2004,2008,excess_per_100,-4.324540945970366,-6.169117762412996,-2.475676892895799,607,artifacts/slam_upsets/rolling_five_editions.csv
slam-upsets-final-v1,rolling_five_excess,ATP,Australian Open,surface_adjusted_elo,maximum_available,2005-2009,2005,2009,excess_per_100,-5.213517600368532,-6.625667627843277,-3.254169728313395,610,artifacts/slam_upsets/rolling_five_editions.csv
slam-upsets-final-v1,rolling_five_excess,ATP,Australian Open,surface_adjusted_elo,maximum_available,2006-2010,2006,2010,excess_per_100,-4.926797999010121,-6.455967706728707,-3.0840807359611224,610,artifacts/slam_upsets/rolling_five_editions.csv
slam-upsets-final-v1,rolling_five_excess,ATP,Australian Open,surface_adjusted_elo,maximum_available,2007-2011,2007,2011,excess_per_100,-4.3194265416036455,-6.457462537002598,-1.3720759830343447,609,artifacts/slam_upsets/rolling_five_editions.csv
slam-upsets-final-v1,rolling_five_excess,ATP,Australian Open,surface_adjusted_elo,maximum_available,2008-2012,2008,2012,excess_per_100,-3.8611799923642054,-6.340351221923773,-1.072787848044516,607,artifacts/slam_upsets/rolling_five_editions.csv
slam-upsets-final-v1,rolling_five_excess,ATP,Australian Open,surface_adjusted_elo,maximum_available,2009-2013,2009,2013,excess_per_100,-3.698360762362746,-6.017900087793565,-0.9099686180430144,607,artifacts/slam_upsets/rolling_five_editions.csv
slam-upsets-final-v1,rolling_five_excess,ATP,Australian Open,surface_adjusted_elo,maximum_available,2010-2014,2010,2014,excess_per_100,-3.239351664834723,-5.260224550191266,-0.7748986958228685,601,artifacts/slam_upsets/rolling_five_editions.csv
slam-upsets-final-v1,rolling_five_excess,ATP,Australian Open,surface_adjusted_elo,maximum_available,2011-2015,2011,2015,excess_per_100,-3.6221109446279596,-5.865637474306184,-0.8637263093180948,603,artifacts/slam_upsets/rolling_five_editions.csv
slam-upsets-final-v1,rolling_five_excess,ATP,Australian Open,surface_adjusted_elo,maximum_available,2012-2016,2012,2016,excess_per_100,-6.543482921740412,-9.901248456307217,-4.039056030761842,602,artifacts/slam_upsets/rolling_five_editions.csv
slam-upsets-final-v1,rolling_five_excess,ATP,Australian Open,surface_adjusted_elo,maximum_available,2013-2017,2013,2017,excess_per_100,-7.517561821454862,-10.247207034345289,-5.429532132161544,606,artifacts/slam_upsets/rolling_five_editions.csv
slam-upsets-final-v1,rolling_five_excess,ATP,Australian Open,surface_adjusted_elo,maximum_available,2014-2018,2014,2018,excess_per_100,-6.794915692900539,-9.908745159617103,-4.070147480394031,606,artifacts/slam_upsets/rolling_five_editions.csv
slam-upsets-final-v1,rolling_five_excess,ATP,Australian Open,surface_adjusted_elo,maximum_available,2015-2019,2015,2019,excess_per_100,-6.471511145484711,-10.20111658870321,-3.4501833925821903,609,artifacts/slam_upsets/rolling_five_editions.csv
slam-upsets-final-v1,rolling_five_excess,ATP,Australian Open,surface_adjusted_elo,maximum_available,2016-2020,2016,2020,excess_per_100,-5.643175644771063,-9.699615645667226,-2.4769064975626898,610,artifacts/slam_upsets/rolling_five_editions.csv
slam-upsets-final-v1,rolling_five_excess,ATP,Australian Open,surface_adjusted_elo,maximum_available,2017-2021,2017,2021,excess_per_100,-3.664209005327301,-5.763233455168677,-2.3745745784961865,610,artifacts/slam_upsets/rolling_five_editions.csv
slam-upsets-final-v1,rolling_five_excess,ATP,Australian Open,surface_adjusted_elo,maximum_available,2018-2022,2018,2022,excess_per_100,-3.8467636091873096,-6.292298599329453,-2.3745745784961865,613,artifacts/slam_upsets/rolling_five_editions.csv
slam-upsets-final-v1,rolling_five_excess,ATP,Australian Open,surface_adjusted_elo,maximum_available,2019-2023,2019,2023,excess_per_100,-4.079783690049575,-6.367738179131133,-2.519234722204159,616,artifacts/slam_upsets/rolling_five_editions.csv
slam-upsets-final-v1,rolling_five_excess,ATP,Australian Open,surface_adjusted_elo,maximum_available,2020-2024,2020,2024,excess_per_100,-2.9293260396787386,-6.325389270012206,0.3915766017209661,619,artifacts/slam_upsets/rolling_five_editions.csv
slam-upsets-final-v1,rolling_five_excess,ATP,Australian Open,surface_adjusted_elo,maximum_available,2021-2025,2021,2025,excess_per_100,-4.088218981053442,-7.392007048944475,-0.536358202231176,613,artifacts/slam_upsets/rolling_five_editions.csv
slam-upsets-final-v1,rolling_five_excess,ATP,Roland Garros,surface_adjusted_elo,maximum_available,1988-1992,1988,1992,excess_per_100,-3.4962093196226967,-6.4294685848785464,0.35576358801834906,624,artifacts/slam_upsets/rolling_five_editions.csv
slam-upsets-final-v1,rolling_five_excess,ATP,Roland Garros,surface_adjusted_elo,maximum_available,1989-1993,1989,1993,excess_per_100,-2.905996030684355,-6.324514870275563,0.8762095787594316,625,artifacts/slam_upsets/rolling_five_editions.csv
slam-upsets-final-v1,rolling_five_excess,ATP,Roland Garros,surface_adjusted_elo,maximum_available,1990-1994,1990,1994,excess_per_100,-1.2945974586132263,-4.665646322622332,1.9961285457994076,619,artifacts/slam_upsets/rolling_five_editions.csv
slam-upsets-final-v1,rolling_five_excess,ATP,Roland Garros,surface_adjusted_elo,maximum_available,1991-1995,1991,1995,excess_per_100,-0.6236628190382066,-3.0140179840924817,1.9961285457994076,620,artifacts/slam_upsets/rolling_five_editions.csv
slam-upsets-final-v1,rolling_five_excess,ATP,Roland Garros,surface_adjusted_elo,maximum_available,1992-1996,1992,1996,excess_per_100,-1.414815843488894,-4.578436831213679,1.9618952963221468,622,artifacts/slam_upsets/rolling_five_editions.csv
slam-upsets-final-v1,rolling_five_excess,ATP,Roland Garros,surface_adjusted_elo,maximum_available,1993-1997,1993,1997,excess_per_100,-0.04794443653012224,-4.998262859210574,5.690903046506476,618,artifacts/slam_upsets/rolling_five_editions.csv
slam-upsets-final-v1,rolling_five_excess,ATP,Roland Garros,surface_adjusted_elo,maximum_available,1994-1998,1994,1998,excess_per_100,-0.037085437531135135,-4.6043201574062795,5.748571568205612,613,artifacts/slam_upsets/rolling_five_editions.csv
slam-upsets-final-v1,rolling_five_excess,ATP,Roland Garros,surface_adjusted_elo,maximum_available,1995-1999,1995,1999,excess_per_100,0.27317980542478304,-4.664918325349874,6.249182430351594,616,artifacts/slam_upsets/rolling_five_editions.csv
slam-upsets-final-v1,rolling_five_excess,ATP,Roland Garros,surface_adjusted_elo,maximum_available,1996-2000,1996,2000,excess_per_100,-0.8913133984820757,-7.004909798856566,5.687479124830178,612,artifacts/slam_upsets/rolling_five_editions.csv
slam-upsets-final-v1,rolling_five_excess,ATP,Roland Garros,surface_adjusted_elo,maximum_available,1997-2001,1997,2001,excess_per_100,1.029812974482697,-4.838917388278891,6.951828575296006,610,artifacts/slam_upsets/rolling_five_editions.csv
slam-upsets-final-v1,rolling_five_excess,ATP,Roland Garros,surface_adjusted_elo,maximum_available,1998-2002,1998,2002,excess_per_100,-1.0609594051048787,-5.369718204812481,1.965355178782769,610,artifacts/slam_upsets/rolling_five_editions.csv
slam-upsets-final-v1,rolling_five_excess,ATP,Roland Garros,surface_adjusted_elo,maximum_available,1999-2003,1999,2003,excess_per_100,-1.918727436303437,-6.37834667849741,1.914375851549385,608,artifacts/slam_upsets/rolling_five_editions.csv
slam-upsets-final-v1,rolling_five_excess,ATP,Roland Garros,surface_adjusted_elo,maximum_available,2000-2004,2000,2004,excess_per_100,-2.092121509356026,-6.37834667849741,1.6575955538600982,605,artifacts/slam_upsets/rolling_five_editions.csv
slam-upsets-final-v1,rolling_five_excess,ATP,Roland Garros,surface_adjusted_elo,maximum_available,2001-2005,2001,2005,excess_per_100,0.4222321556027199,-2.72971261018081,2.415987870692959,606,artifacts/slam_upsets/rolling_five_editions.csv
slam-upsets-final-v1,rolling_five_excess,ATP,Roland Garros,surface_adjusted_elo,maximum_available,2002-2006,2002,2006,excess_per_100,-0.6030693523962073,-3.6090283816183453,2.0276080635293257,603,artifacts/slam_upsets/rolling_five_editions.csv
slam-upsets-final-v1,rolling_five_excess,ATP,Roland Garros,surface_adjusted_elo,maximum_available,2003-2007,2003,2007,excess_per_100,-0.10416981441935036,-3.3091030767160796,2.871229444730572,600,artifacts/slam_upsets/rolling_five_editions.csv
slam-upsets-final-v1,rolling_five_excess,ATP,Roland Garros,surface_adjusted_elo,maximum_available,2004-2008,2004,2008,excess_per_100,-0.24476611715541646,-3.629354338290059,2.871229444730572,606,artifacts/slam_upsets/rolling_five_editions.csv
slam-upsets-final-v1,rolling_five_excess,ATP,Roland Garros,surface_adjusted_elo,maximum_available,2005-2009,2005,2009,excess_per_100,-1.2524184185736633,-4.398633543725631,1.9567210090813774,606,artifacts/slam_upsets/rolling_five_editions.csv
slam-upsets-final-v1,rolling_five_excess,ATP,Roland Garros,surface_adjusted_elo,maximum_available,2006-2010,2006,2010,excess_per_100,-1.6521144079812822,-4.398633543725631,1.1493351104779066,606,artifacts/slam_upsets/rolling_five_editions.csv
slam-upsets-final-v1,rolling_five_excess,ATP,Roland Garros,surface_adjusted_elo,maximum_available,2007-2011,2007,2011,excess_per_100,-2.0331960406817613,-5.0320683979798515,1.0582409241309978,612,artifacts/slam_upsets/rolling_five_editions.csv
slam-upsets-final-v1,rolling_five_excess,ATP,Roland Garros,surface_adjusted_elo,maximum_available,2008-2012,2008,2012,excess_per_100,-4.652082334746997,-7.802025838442655,-1.3268567315738122,615,artifacts/slam_upsets/rolling_five_editions.csv
slam-upsets-final-v1,rolling_five_excess,ATP,Roland Garros,surface_adjusted_elo,maximum_available,2009-2013,2009,2013,excess_per_100,-6.354607402423131,-11.473763572879456,-1.9174452657371128,609,artifacts/slam_upsets/rolling_five_editions.csv
slam-upsets-final-v1,rolling_five_excess,ATP,Roland Garros,surface_adjusted_elo,maximum_available,2010-2014,2010,2014,excess_per_100,-6.729208930821325,-11.730190652097592,-2.4218635397678923,610,artifacts/slam_upsets/rolling_five_editions.csv
slam-upsets-final-v1,rolling_five_excess,ATP,Roland Garros,surface_adjusted_elo,maximum_available,2011-2015,2011,2015,excess_per_100,-7.8216409530977815,-11.645631178918627,-4.787011138413328,612,artifacts/slam_upsets/rolling_five_editions.csv
slam-upsets-final-v1,rolling_five_excess,ATP,Roland Garros,surface_adjusted_elo,maximum_available,2012-2016,2012,2016,excess_per_100,-8.876496833891386,-11.902831588171095,-5.731314190593967,610,artifacts/slam_upsets/rolling_five_editions.csv
slam-upsets-final-v1,rolling_five_excess,ATP,Roland Garros,surface_adjusted_elo,maximum_available,2013-2017,2013,2017,excess_per_100,-8.148952212645135,-11.863414163899181,-5.168121381797568,608,artifacts/slam_upsets/rolling_five_editions.csv
slam-upsets-final-v1,rolling_five_excess,ATP,Roland Garros,surface_adjusted_elo,maximum_available,2014-2018,2014,2018,excess_per_100,-5.81692503211708,-7.9930324696873845,-3.9373156240371543,613,artifacts/slam_upsets/rolling_five_editions.csv
slam-upsets-final-v1,rolling_five_excess,ATP,Roland Garros,surface_adjusted_elo,maximum_available,2015-2019,2015,2019,excess_per_100,-6.811556599204583,-9.41860655260572,-4.229817810399571,616,artifacts/slam_upsets/rolling_five_editions.csv
slam-upsets-final-v1,rolling_five_excess,ATP,Roland Garros,surface_adjusted_elo,maximum_available,2016-2020,2016,2020,excess_per_100,-5.83642835372861,-9.389695544215597,-2.273352972470093,617,artifacts/slam_upsets/rolling_five_editions.csv
slam-upsets-final-v1,rolling_five_excess,ATP,Roland Garros,surface_adjusted_elo,maximum_available,2017-2021,2017,2021,excess_per_100,-5.498118236320315,-8.716528601449607,-2.040644725691476,618,artifacts/slam_upsets/rolling_five_editions.csv
slam-upsets-final-v1,rolling_five_excess,ATP,Roland Garros,surface_adjusted_elo,maximum_available,2018-2022,2018,2022,excess_per_100,-5.587995670076204,-8.785932024571656,-2.4105589075967617,622,artifacts/slam_upsets/rolling_five_editions.csv
slam-upsets-final-v1,rolling_five_excess,ATP,Roland Garros,surface_adjusted_elo,maximum_available,2019-2023,2019,2023,excess_per_100,-5.61586686765013,-8.785932024571656,-2.4458017107286603,621,artifacts/slam_upsets/rolling_five_editions.csv
slam-upsets-final-v1,rolling_five_excess,ATP,Roland Garros,surface_adjusted_elo,maximum_available,2020-2024,2020,2024,excess_per_100,-5.379292333820016,-8.331831597321102,-2.0570464013872516,619,artifacts/slam_upsets/rolling_five_editions.csv
slam-upsets-final-v1,rolling_five_excess,ATP,Roland Garros,surface_adjusted_elo,maximum_available,2021-2025,2021,2025,excess_per_100,-6.19903364732189,-8.331831597321102,-4.141225186872828,613,artifacts/slam_upsets/rolling_five_editions.csv
slam-upsets-final-v1,rolling_five_excess,ATP,Wimbledon,surface_adjusted_elo,maximum_available,1988-1992,1988,1992,excess_per_100,-3.0980474461762566,-6.537392549466686,-0.9907862472746972,629,artifacts/slam_upsets/rolling_five_editions.csv
slam-upsets-final-v1,rolling_five_excess,ATP,Wimbledon,surface_adjusted_elo,maximum_available,1989-1993,1989,1993,excess_per_100,-3.910014945217384,-7.447719768859737,-1.120140654500844,627,artifacts/slam_upsets/rolling_five_editions.csv
slam-upsets-final-v1,rolling_five_excess,ATP,Wimbledon,surface_adjusted_elo,maximum_available,1990-1994,1990,1994,excess_per_100,-4.472632665956843,-7.445149551910876,-1.9152424545358735,623,artifacts/slam_upsets/rolling_five_editions.csv
slam-upsets-final-v1,rolling_five_excess,ATP,Wimbledon,surface_adjusted_elo,maximum_available,1991-1995,1991,1995,excess_per_100,-3.387415524606008,-4.8890704048896305,-1.9000725373853709,621,artifacts/slam_upsets/rolling_five_editions.csv
slam-upsets-final-v1,rolling_five_excess,ATP,Wimbledon,surface_adjusted_elo,maximum_available,1992-1996,1992,1996,excess_per_100,-2.355573559499859,-4.883443820721683,0.9025100561799377,621,artifacts/slam_upsets/rolling_five_editions.csv
slam-upsets-final-v1,rolling_five_excess,ATP,Wimbledon,surface_adjusted_elo,maximum_available,1993-1997,1993,1997,excess_per_100,-3.5394713279119068,-6.326573990411754,-0.008147128380687645,622,artifacts/slam_upsets/rolling_five_editions.csv
slam-upsets-final-v1,rolling_five_excess,ATP,Wimbledon,surface_adjusted_elo,maximum_available,1994-1998,1994,1998,excess_per_100,-2.699114191000039,-5.662968447908967,0.8212167824590839,623,artifacts/slam_upsets/rolling_five_editions.csv
slam-upsets-final-v1,rolling_five_excess,ATP,Wimbledon,surface_adjusted_elo,maximum_available,1995-1999,1995,1999,excess_per_100,-3.723488520798264,-7.1982414807625235,0.22167632617548266,625,artifacts/slam_upsets/rolling_five_editions.csv
slam-upsets-final-v1,rolling_five_excess,ATP,Wimbledon,surface_adjusted_elo,maximum_available,1996-2000,1996,2000,excess_per_100,-2.142626972794445,-6.685954017303161,2.415285391279321,624,artifacts/slam_upsets/rolling_five_editions.csv
slam-upsets-final-v1,rolling_five_excess,ATP,Wimbledon,surface_adjusted_elo,maximum_available,1997-2001,1997,2001,excess_per_100,-2.9959177685919207,-6.685954017303161,0.7663540999961977,619,artifacts/slam_upsets/rolling_five_editions.csv
slam-upsets-final-v1,rolling_five_excess,ATP,Wimbledon,surface_adjusted_elo,maximum_available,1998-2002,1998,2002,excess_per_100,-1.8922240158073107,-5.5535061692884,1.3320513509669705,618,artifacts/slam_upsets/rolling_five_editions.csv
slam-upsets-final-v1,rolling_five_excess,ATP,Wimbledon,surface_adjusted_elo,maximum_available,1999-2003,1999,2003,excess_per_100,-2.2444312525480004,-5.5535061692884,1.3283869999061297,616,artifacts/slam_upsets/rolling_five_editions.csv
slam-upsets-final-v1,rolling_five_excess,ATP,Wimbledon,surface_adjusted_elo,maximum_available,2000-2004,2000,2004,excess_per_100,-1.2548954600266973,-3.2391046704422544,1.2621737404921507,617,artifacts/slam_upsets/rolling_five_editions.csv
slam-upsets-final-v1,rolling_five_excess,ATP,Wimbledon,surface_adjusted_elo,maximum_available,2001-2005,2001,2005,excess_per_100,-2.730730702281432,-3.669426098418498,-1.5431236445524061,617,artifacts/slam_upsets/rolling_five_editions.csv
slam-upsets-final-v1,rolling_five_excess,ATP,Wimbledon,surface_adjusted_elo,maximum_available,2002-2006,2002,2006,excess_per_100,-4.119539183333025,-6.047792246199045,-2.6895518994708456,620,artifacts/slam_upsets/rolling_five_editions.csv
slam-upsets-final-v1,rolling_five_excess,ATP,Wimbledon,surface_adjusted_elo,maximum_available,2003-2007,2003,2007,excess_per_100,-5.339046240174621,-7.074908303240322,-3.6143652531995425,619,artifacts/slam_upsets/rolling_five_editions.csv
slam-upsets-final-v1,rolling_five_excess,ATP,Wimbledon,surface_adjusted_elo,maximum_available,2004-2008,2004,2008,excess_per_100,-6.123828409930797,-7.859414116345351,-4.347724054944301,613,artifacts/slam_upsets/rolling_five_editions.csv
slam-upsets-final-v1,rolling_five_excess,ATP,Wimbledon,surface_adjusted_elo,maximum_available,2005-2009,2005,2009,excess_per_100,-7.072533773288647,-8.01842816606186,-5.453912984280067,607,artifacts/slam_upsets/rolling_five_editions.csv
slam-upsets-final-v1,rolling_five_excess,ATP,Wimbledon,surface_adjusted_elo,maximum_available,2006-2010,2006,2010,excess_per_100,-7.0987943480660665,-8.016469439452628,-5.516435584752699,605,artifacts/slam_upsets/rolling_five_editions.csv
slam-upsets-final-v1,rolling_five_excess,ATP,Wimbledon,surface_adjusted_elo,maximum_available,2007-2011,2007,2011,excess_per_100,-6.695194743956568,-8.014491125577303,-5.108939256149952,603,artifacts/slam_upsets/rolling_five_editions.csv
slam-upsets-final-v1,rolling_five_excess,ATP,Wimbledon,surface_adjusted_elo,maximum_available,2008-2012,2008,2012,excess_per_100,-5.8008080135696725,-7.374805361865374,-4.2343928569607145,602,artifacts/slam_upsets/rolling_five_editions.csv
slam-upsets-final-v1,rolling_five_excess,ATP,Wimbledon,surface_adjusted_elo,maximum_available,2009-2013,2009,2013,excess_per_100,-4.881648354570512,-6.599466532631883,-3.466031233464602,602,artifacts/slam_upsets/rolling_five_editions.csv
slam-upsets-final-v1,rolling_five_excess,ATP,Wimbledon,surface_adjusted_elo,maximum_available,2010-2014,2010,2014,excess_per_100,-4.344322559755915,-5.196991124502272,-3.466031233464602,608,artifacts/slam_upsets/rolling_five_editions.csv
slam-upsets-final-v1,rolling_five_excess,ATP,Wimbledon,surface_adjusted_elo,maximum_available,2011-2015,2011,2015,excess_per_100,-4.691000320518201,-5.598180001626718,-3.7627932958078363,611,artifacts/slam_upsets/rolling_five_editions.csv
slam-upsets-final-v1,rolling_five_excess,ATP,Wimbledon,surface_adjusted_elo,maximum_available,2012-2016,2012,2016,excess_per_100,-5.060405867192963,-6.3864662583758225,-3.7627932958078363,613,artifacts/slam_upsets/rolling_five_editions.csv
slam-upsets-final-v1,rolling_five_excess,ATP,Wimbledon,surface_adjusted_elo,maximum_available,2013-2017,2013,2017,excess_per_100,-6.229485704712965,-8.028319465726105,-4.4102608329421455,608,artifacts/slam_upsets/rolling_five_editions.csv
slam-upsets-final-v1,rolling_five_excess,ATP,Wimbledon,surface_adjusted_elo,maximum_available,2014-2018,2014,2018,excess_per_100,-6.23232552009195,-8.028319465726105,-4.49684613517846,617,artifacts/slam_upsets/rolling_five_editions.csv
slam-upsets-final-v1,rolling_five_excess,ATP,Wimbledon,surface_adjusted_elo,maximum_available,2015-2019,2015,2019,excess_per_100,-5.424228185977011,-7.968808572992812,-2.935224402651078,615,artifacts/slam_upsets/rolling_five_editions.csv
slam-upsets-final-v1,rolling_five_excess,ATP,Wimbledon,surface_adjusted_elo,maximum_available,2016-2021,2016,2021,excess_per_100,-4.617969795475842,-7.510316789914306,-1.830741002182006,614,artifacts/slam_upsets/rolling_five_editions.csv
slam-upsets-final-v1,rolling_five_excess,ATP,Wimbledon,surface_adjusted_elo,maximum_available,2017-2022,2017,2022,excess_per_100,-5.799028719322619,-10.48257539946706,-1.830741002182006,612,artifacts/slam_upsets/rolling_five_editions.csv
slam-upsets-final-v1,rolling_five_excess,ATP,Wimbledon,surface_adjusted_elo,maximum_available,2018-2023,2018,2023,excess_per_100,-5.590569039147974,-10.056553441702395,-1.830741002182006,621,artifacts/slam_upsets/rolling_five_editions.csv
slam-upsets-final-v1,rolling_five_excess,ATP,Wimbledon,surface_adjusted_elo,maximum_available,2019-2024,2019,2024,excess_per_100,-5.8195563900669915,-9.979746911359396,-2.0295329826393664,616,artifacts/slam_upsets/rolling_five_editions.csv
slam-upsets-final-v1,rolling_five_excess,ATP,Wimbledon,surface_adjusted_elo,maximum_available,2021-2025,2021,2025,excess_per_100,-5.639598402480432,-10.056553441702395,-1.643037888717955,614,artifacts/slam_upsets/rolling_five_editions.csv
slam-upsets-final-v1,rolling_five_excess,ATP,US Open,surface_adjusted_elo,maximum_available,1988-1992,1988,1992,excess_per_100,-5.60241895079068,-9.638878394075451,-2.1835064853526562,612,artifacts/slam_upsets/rolling_five_editions.csv
slam-upsets-final-v1,rolling_five_excess,ATP,US Open,surface_adjusted_elo,maximum_available,1989-1993,1989,1993,excess_per_100,-6.281835143688639,-9.730898359540008,-3.582880089444617,608,artifacts/slam_upsets/rolling_five_editions.csv
slam-upsets-final-v1,rolling_five_excess,ATP,US Open,surface_adjusted_elo,maximum_available,1990-1994,1990,1994,excess_per_100,-6.150224255009299,-9.638878394075451,-3.312091407691223,607,artifacts/slam_upsets/rolling_five_editions.csv
slam-upsets-final-v1,rolling_five_excess,ATP,US Open,surface_adjusted_elo,maximum_available,1991-1995,1991,1995,excess_per_100,-6.162770875225678,-9.603580846972354,-3.3245762218966743,607,artifacts/slam_upsets/rolling_five_editions.csv
slam-upsets-final-v1,rolling_five_excess,ATP,US Open,surface_adjusted_elo,maximum_available,1992-1996,1992,1996,excess_per_100,-5.419597630472986,-8.99710164342827,-3.1679447955880913,609,artifacts/slam_upsets/rolling_five_editions.csv
slam-upsets-final-v1,rolling_five_excess,ATP,US Open,surface_adjusted_elo,maximum_available,1993-1997,1993,1997,excess_per_100,-4.937265689208205,-7.530106627741282,-3.1679447955880913,610,artifacts/slam_upsets/rolling_five_editions.csv
slam-upsets-final-v1,rolling_five_excess,ATP,US Open,surface_adjusted_elo,maximum_available,1994-1998,1994,1998,excess_per_100,-5.667814218883421,-7.9936482716709705,-3.5835374753057065,611,artifacts/slam_upsets/rolling_five_editions.csv
slam-upsets-final-v1,rolling_five_excess,ATP,US Open,surface_adjusted_elo,maximum_available,1995-1999,1995,1999,excess_per_100,-5.628642648888782,-7.941601044688203,-3.4847882313403247,608,artifacts/slam_upsets/rolling_five_editions.csv
slam-upsets-final-v1,rolling_five_excess,ATP,US Open,surface_adjusted_elo,maximum_available,1996-2000,1996,2000,excess_per_100,-6.3522869881674975,-8.75374787903761,-3.9086206913406882,609,artifacts/slam_upsets/rolling_five_editions.csv
slam-upsets-final-v1,rolling_five_excess,ATP,US Open,surface_adjusted_elo,maximum_available,1997-2001,1997,2001,excess_per_100,-7.517747873330708,-9.576045799420257,-4.809582984994515,610,artifacts/slam_upsets/rolling_five_editions.csv
slam-upsets-final-v1,rolling_five_excess,ATP,US Open,surface_adjusted_elo,maximum_available,1998-2002,1998,2002,excess_per_100,-5.801004870629646,-8.336465432441559,-2.911276717687703,606,artifacts/slam_upsets/rolling_five_editions.csv
slam-upsets-final-v1,rolling_five_excess,ATP,US Open,surface_adjusted_elo,maximum_available,1999-2003,1999,2003,excess_per_100,-6.1989342818188495,-8.974033031782254,-2.9896379888165514,607,artifacts/slam_upsets/rolling_five_editions.csv
slam-upsets-final-v1,rolling_five_excess,ATP,US Open,surface_adjusted_elo,maximum_available,2000-2004,2000,2004,excess_per_100,-5.354321677171736,-9.112464432539115,-0.9576809818833274,607,artifacts/slam_upsets/rolling_five_editions.csv
slam-upsets-final-v1,rolling_five_excess,ATP,US Open,surface_adjusted_elo,maximum_available,2001-2005,2001,2005,excess_per_100,-5.571286563111581,-9.412670798776182,-1.054086050912995,606,artifacts/slam_upsets/rolling_five_editions.csv
slam-upsets-final-v1,rolling_five_excess,ATP,US Open,surface_adjusted_elo,maximum_available,2002-2006,2002,2006,excess_per_100,-4.025836931450597,-7.735712773073517,-0.21689253561506283,607,artifacts/slam_upsets/rolling_five_editions.csv
slam-upsets-final-v1,rolling_five_excess,ATP,US Open,surface_adjusted_elo,maximum_available,2003-2007,2003,2007,excess_per_100,-4.523317032885027,-8.137158783687164,-0.9094752820828383,609,artifacts/slam_upsets/rolling_five_editions.csv
slam-upsets-final-v1,rolling_five_excess,ATP,US Open,surface_adjusted_elo,maximum_available,2004-2008,2004,2008,excess_per_100,-3.739000233554044,-7.0485531663758145,-0.5785173227163185,608,artifacts/slam_upsets/rolling_five_editions.csv
slam-upsets-final-v1,rolling_five_excess,ATP,US Open,surface_adjusted_elo,maximum_available,2005-2009,2005,2009,excess_per_100,-5.398910666787675,-7.655888281352955,-3.3594338392389256,611,artifacts/slam_upsets/rolling_five_editions.csv
slam-upsets-final-v1,rolling_five_excess,ATP,US Open,surface_adjusted_elo,maximum_available,2006-2010,2006,2010,excess_per_100,-4.69732137768393,-5.984713977827032,-3.2242124223127036,607,artifacts/slam_upsets/rolling_five_editions.csv
slam-upsets-final-v1,rolling_five_excess,ATP,US Open,surface_adjusted_elo,maximum_available,2007-2011,2007,2011,excess_per_100,-6.019810738383359,-7.539348249958382,-4.678573723846547,598,artifacts/slam_upsets/rolling_five_editions.csv
slam-upsets-final-v1,rolling_five_excess,ATP,US Open,surface_adjusted_elo,maximum_available,2008-2012,2008,2012,excess_per_100,-6.707596615130711,-7.898791172085533,-5.691036783383015,602,artifacts/slam_upsets/rolling_five_editions.csv
slam-upsets-final-v1,rolling_five_excess,ATP,US Open,surface_adjusted_elo,maximum_available,2009-2013,2009,2013,excess_per_100,-5.9002857009714855,-7.727539341493251,-3.2942903446070626,603,artifacts/slam_upsets/rolling_five_editions.csv
slam-upsets-final-v1,rolling_five_excess,ATP,US Open,surface_adjusted_elo,maximum_available,2010-2014,2010,2014,excess_per_100,-4.545028146974611,-7.61796093853386,-1.4720953554153733,597,artifacts/slam_upsets/rolling_five_editions.csv
slam-upsets-final-v1,rolling_five_excess,ATP,US Open,surface_adjusted_elo,maximum_available,2011-2015,2011,2015,excess_per_100,-4.805810411219033,-7.919163854841215,-1.439712402985692,591,artifacts/slam_upsets/rolling_five_editions.csv
slam-upsets-final-v1,rolling_five_excess,ATP,US Open,surface_adjusted_elo,maximum_available,2012-2016,2012,2016,excess_per_100,-4.367248783292179,-7.184985812067259,-1.416997036443466,592,artifacts/slam_upsets/rolling_five_editions.csv
slam-upsets-final-v1,rolling_five_excess,ATP,US Open,surface_adjusted_elo,maximum_available,2013-2017,2013,2017,excess_per_100,-2.810914386632041,-5.762451680661628,0.001819231911886133,590,artifacts/slam_upsets/rolling_five_editions.csv
slam-upsets-final-v1,rolling_five_excess,ATP,US Open,surface_adjusted_elo,maximum_available,2014-2018,2014,2018,excess_per_100,-4.519529810188942,-8.110082637002177,-1.0915552947403522,582,artifacts/slam_upsets/rolling_five_editions.csv
slam-upsets-final-v1,rolling_five_excess,ATP,US Open,surface_adjusted_elo,maximum_available,2015-2019,2015,2019,excess_per_100,-3.466762265035832,-7.934155223584461,1.4533260709834643,585,artifacts/slam_upsets/rolling_five_editions.csv
slam-upsets-final-v1,rolling_five_excess,ATP,US Open,surface_adjusted_elo,maximum_available,2016-2020,2016,2020,excess_per_100,-2.817490228275988,-7.244334127361705,1.6028834899685482,596,artifacts/slam_upsets/rolling_five_editions.csv
slam-upsets-final-v1,rolling_five_excess,ATP,US Open,surface_adjusted_elo,maximum_available,2017-2021,2017,2021,excess_per_100,-2.3111755437085315,-6.426775837627368,2.2541601411884655,601,artifacts/slam_upsets/rolling_five_editions.csv
slam-upsets-final-v1,rolling_five_excess,ATP,US Open,surface_adjusted_elo,maximum_available,2018-2022,2018,2022,excess_per_100,-3.831060139406735,-7.985285502294459,0.9625030733506498,600,artifacts/slam_upsets/rolling_five_editions.csv
slam-upsets-final-v1,rolling_five_excess,ATP,US Open,surface_adjusted_elo,maximum_available,2019-2023,2019,2023,excess_per_100,-1.7567923088968556,-5.265095338726598,1.9704594548730985,607,artifacts/slam_upsets/rolling_five_editions.csv
slam-upsets-final-v1,rolling_five_excess,ATP,US Open,surface_adjusted_elo,maximum_available,2020-2024,2020,2024,excess_per_100,-3.188245571729247,-5.577822944297193,-0.9137575941574725,606,artifacts/slam_upsets/rolling_five_editions.csv
slam-upsets-final-v1,rolling_five_excess,ATP,US Open,surface_adjusted_elo,maximum_available,2021-2025,2021,2025,excess_per_100,-2.681364515263443,-5.0858692374365795,-0.4775335300209847,602,artifacts/slam_upsets/rolling_five_editions.csv
slam-upsets-final-v1,rolling_five_excess,WTA,Australian Open,surface_adjusted_elo,maximum_available,1988-1992,1988,1992,excess_per_100,1.4583485366607927,-2.4332000980353587,4.670272674606165,630,artifacts/slam_upsets/rolling_five_editions.csv
slam-upsets-final-v1,rolling_five_excess,WTA,Australian Open,surface_adjusted_elo,maximum_available,1989-1993,1989,1993,excess_per_100,-0.0548583849701649,-3.953121799123446,3.831029589773092,629,artifacts/slam_upsets/rolling_five_editions.csv
slam-upsets-final-v1,rolling_five_excess,WTA,Australian Open,surface_adjusted_elo,maximum_available,1990-1994,1990,1994,excess_per_100,-1.5013027782906452,-5.405970149513055,3.2258976347141446,628,artifacts/slam_upsets/rolling_five_editions.csv
slam-upsets-final-v1,rolling_five_excess,WTA,Australian Open,surface_adjusted_elo,maximum_available,1991-1995,1991,1995,excess_per_100,-2.1272889295524946,-5.405915782902614,2.5686608823207866,630,artifacts/slam_upsets/rolling_five_editions.csv
slam-upsets-final-v1,rolling_five_excess,WTA,Australian Open,surface_adjusted_elo,maximum_available,1992-1996,1992,1996,excess_per_100,-2.922280588086941,-5.408090447320262,0.21902080387645767,630,artifacts/slam_upsets/rolling_five_editions.csv
slam-upsets-final-v1,rolling_five_excess,WTA,Australian Open,surface_adjusted_elo,maximum_available,1993-1997,1993,1997,excess_per_100,-2.111800864657006,-4.57008744545429,0.32307346298981854,627,artifacts/slam_upsets/rolling_five_editions.csv
slam-upsets-final-v1,rolling_five_excess,WTA,Australian Open,surface_adjusted_elo,maximum_available,1994-1998,1994,1998,excess_per_100,-2.3565304869974315,-5.192951201129488,0.39498809595363044,627,artifacts/slam_upsets/rolling_five_editions.csv
slam-upsets-final-v1,rolling_five_excess,WTA,Australian Open,surface_adjusted_elo,maximum_available,1995-1999,1995,1999,excess_per_100,0.463704862549868,-3.7320457638884865,4.962263643977113,628,artifacts/slam_upsets/rolling_five_editions.csv
slam-upsets-final-v1,rolling_five_excess,WTA,Australian Open,surface_adjusted_elo,maximum_available,1996-2000,1996,2000,excess_per_100,1.4373438653924027,-3.461364528096672,5.782882305492228,627,artifacts/slam_upsets/rolling_five_editions.csv
slam-upsets-final-v1,rolling_five_excess,WTA,Australian Open,surface_adjusted_elo,maximum_available,1997-2001,1997,2001,excess_per_100,1.8221266387511514,-2.4663740469592197,6.146661121998119,625,artifacts/slam_upsets/rolling_five_editions.csv
slam-upsets-final-v1,rolling_five_excess,WTA,Australian Open,surface_adjusted_elo,maximum_available,1998-2002,1998,2002,excess_per_100,1.4237603591220496,-3.2089423079335186,6.034268275866155,627,artifacts/slam_upsets/rolling_five_editions.csv
slam-upsets-final-v1,rolling_five_excess,WTA,Australian Open,surface_adjusted_elo,maximum_available,1999-2003,1999,2003,excess_per_100,1.663875762796507,-2.762908911732155,6.034268275866155,624,artifacts/slam_upsets/rolling_five_editions.csv
slam-upsets-final-v1,rolling_five_excess,WTA,Australian Open,surface_adjusted_elo,maximum_available,2000-2004,2000,2004,excess_per_100,-0.4774170162274902,-3.928865516494403,2.929993863621294,623,artifacts/slam_upsets/rolling_five_editions.csv
slam-upsets-final-v1,rolling_five_excess,WTA,Australian Open,surface_adjusted_elo,maximum_available,2001-2005,2001,2005,excess_per_100,-1.4891423493522642,-3.928865516494403,1.5995539832095127,623,artifacts/slam_upsets/rolling_five_editions.csv
slam-upsets-final-v1,rolling_five_excess,WTA,Australian Open,surface_adjusted_elo,maximum_available,2002-2006,2002,2006,excess_per_100,-0.9673486873381004,-4.056173427863477,3.226329467876385,620,artifacts/slam_upsets/rolling_five_editions.csv
slam-upsets-final-v1,rolling_five_excess,WTA,Australian Open,surface_adjusted_elo,maximum_available,2003-2007,2003,2007,excess_per_100,-0.6076760139603684,-3.906632266045348,3.573232345079173,622,artifacts/slam_upsets/rolling_five_editions.csv
slam-upsets-final-v1,rolling_five_excess,WTA,Australian Open,surface_adjusted_elo,maximum_available,2004-2008,2004,2008,excess_per_100,1.7173394234017492,-1.599223992803927,5.143497691528034,624,artifacts/slam_upsets/rolling_five_editions.csv
slam-upsets-final-v1,rolling_five_excess,WTA,Australian Open,surface_adjusted_elo,maximum_available,2005-2009,2005,2009,excess_per_100,2.3868992129264544,-0.8067231782058443,5.482989547027755,621,artifacts/slam_upsets/rolling_five_editions.csv
slam-upsets-final-v1,rolling_five_excess,WTA,Australian Open,surface_adjusted_elo,maximum_available,2006-2010,2006,2010,excess_per_100,2.4841695216820923,-0.6137363994926086,5.632366123395288,621,artifacts/slam_upsets/rolling_five_editions.csv
slam-upsets-final-v1,rolling_five_excess,WTA,Australian Open,surface_adjusted_elo,maximum_available,2007-2011,2007,2011,excess_per_100,1.1630398910775603,-0.8507363258402904,3.6693122367912716,625,artifacts/slam_upsets/rolling_five_editions.csv
slam-upsets-final-v1,rolling_five_excess,WTA,Australian Open,surface_adjusted_elo,maximum_available,2008-2012,2008,2012,excess_per_100,1.441760596208759,-0.25558148578453527,3.848668235107392,622,artifacts/slam_upsets/rolling_five_editions.csv
slam-upsets-final-v1,rolling_five_excess,WTA,Australian Open,surface_adjusted_elo,maximum_available,2009-2013,2009,2013,excess_per_100,0.47172863880207255,-0.20509423422270498,1.1990387633886759,624,artifacts/slam_upsets/rolling_five_editions.csv
slam-upsets-final-v1,rolling_five_excess,WTA,Australian Open,surface_adjusted_elo,maximum_available,2010-2014,2010,2014,excess_per_100,0.1602453098966959,-0.3816879555176164,0.8469416553450736,628,artifacts/slam_upsets/rolling_five_editions.csv
slam-upsets-final-v1,rolling_five_excess,WTA,Australian Open,surface_adjusted_elo,maximum_available,2011-2015,2011,2015,excess_per_100,0.8741640885919444,-0.03809499094269306,1.9554318796322931,629,artifacts/slam_upsets/rolling_five_editions.csv
slam-upsets-final-v1,rolling_five_excess,WTA,Australian Open,surface_adjusted_elo,maximum_available,2012-2016,2012,2016,excess_per_100,2.458460310678436,0.128127983150589,5.584746070556069,629,artifacts/slam_upsets/rolling_five_editions.csv
slam-upsets-final-v1,rolling_five_excess,WTA,Australian Open,surface_adjusted_elo,maximum_available,2013-2017,2013,2017,excess_per_100,2.6218478043159394,0.46389976407294276,5.584746070556069,630,artifacts/slam_upsets/rolling_five_editions.csv
slam-upsets-final-v1,rolling_five_excess,WTA,Australian Open,surface_adjusted_elo,maximum_available,2014-2018,2014,2018,excess_per_100,2.833995765729018,0.6264064467128649,5.754607213672429,630,artifacts/slam_upsets/rolling_five_editions.csv
slam-upsets-final-v1,rolling_five_excess,WTA,Australian Open,surface_adjusted_elo,maximum_available,2015-2019,2015,2019,excess_per_100,2.633095142980334,0.26578782850345306,5.651007127666872,629,artifacts/slam_upsets/rolling_five_editions.csv
slam-upsets-final-v1,rolling_five_excess,WTA,Australian Open,surface_adjusted_elo,maximum_available,2016-2020,2016,2020,excess_per_100,2.667782228712414,0.26578782850345306,5.7892942994044825,629,artifacts/slam_upsets/rolling_five_editions.csv
slam-upsets-final-v1,rolling_five_excess,WTA,Australian Open,surface_adjusted_elo,maximum_available,2017-2021,2017,2021,excess_per_100,0.07464098859226244,-2.490887837933351,2.2965114126486625,629,artifacts/slam_upsets/rolling_five_editions.csv
slam-upsets-final-v1,rolling_five_excess,WTA,Australian Open,surface_adjusted_elo,maximum_available,2018-2022,2018,2022,excess_per_100,0.024829254431948996,-2.3439127938652273,2.250457690574815,628,artifacts/slam_upsets/rolling_five_editions.csv
slam-upsets-final-v1,rolling_five_excess,WTA,Australian Open,surface_adjusted_elo,maximum_available,2019-2023,2019,2023,excess_per_100,-0.09633264795587158,-2.5993727670332865,2.0092859799580896,628,artifacts/slam_upsets/rolling_five_editions.csv
slam-upsets-final-v1,rolling_five_excess,WTA,Australian Open,surface_adjusted_elo,maximum_available,2020-2024,2020,2024,excess_per_100,2.3088427298078473,-2.0432290060869414,7.006787037359453,627,artifacts/slam_upsets/rolling_five_editions.csv
slam-upsets-final-v1,rolling_five_excess,WTA,Australian Open,surface_adjusted_elo,maximum_available,2021-2025,2021,2025,excess_per_100,1.6121158928697172,-2.3028982827151796,6.767691022902819,626,artifacts/slam_upsets/rolling_five_editions.csv
slam-upsets-final-v1,rolling_five_excess,WTA,Roland Garros,surface_adjusted_elo,maximum_available,1988-1992,1988,1992,excess_per_100,1.1293564056423393,-4.598224453540546,6.86522329028261,628,artifacts/slam_upsets/rolling_five_editions.csv
slam-upsets-final-v1,rolling_five_excess,WTA,Roland Garros,surface_adjusted_elo,maximum_available,1989-1993,1989,1993,excess_per_100,-1.1136416210431272,-5.078977236494425,4.210542110732339,630,artifacts/slam_upsets/rolling_five_editions.csv
slam-upsets-final-v1,rolling_five_excess,WTA,Roland Garros,surface_adjusted_elo,maximum_available,1990-1994,1990,1994,excess_per_100,-1.1611342056030918,-5.103336692813366,4.09401369954665,629,artifacts/slam_upsets/rolling_five_editions.csv
slam-upsets-final-v1,rolling_five_excess,WTA,Roland Garros,surface_adjusted_elo,maximum_available,1991-1995,1991,1995,excess_per_100,0.22796462416805047,-4.107926350425117,4.923818607075693,633,artifacts/slam_upsets/rolling_five_editions.csv
slam-upsets-final-v1,rolling_five_excess,WTA,Roland Garros,surface_adjusted_elo,maximum_available,1992-1996,1992,1996,excess_per_100,-0.010443665231821882,-4.107926350425117,4.484676469616029,630,artifacts/slam_upsets/rolling_five_editions.csv
slam-upsets-final-v1,rolling_five_excess,WTA,Roland Garros,surface_adjusted_elo,maximum_available,1993-1997,1993,1997,excess_per_100,0.6245181745925718,-2.8476749770482015,4.8976078696851495,627,artifacts/slam_upsets/rolling_five_editions.csv
slam-upsets-final-v1,rolling_five_excess,WTA,Roland Garros,surface_adjusted_elo,maximum_available,1994-1998,1994,1998,excess_per_100,1.6667217871596136,-1.6712631938093834,5.333132177291271,626,artifacts/slam_upsets/rolling_five_editions.csv
slam-upsets-final-v1,rolling_five_excess,WTA,Roland Garros,surface_adjusted_elo,maximum_available,1995-1999,1995,1999,excess_per_100,-0.5155098706726449,-2.769420453429751,1.6639583769931037,625,artifacts/slam_upsets/rolling_five_editions.csv
slam-upsets-final-v1,rolling_five_excess,WTA,Roland Garros,surface_adjusted_elo,maximum_available,1996-2000,1996,2000,excess_per_100,0.43728389682229135,-2.6477081111458456,4.399011490251598,623,artifacts/slam_upsets/rolling_five_editions.csv
slam-upsets-final-v1,rolling_five_excess,WTA,Roland Garros,surface_adjusted_elo,maximum_available,1997-2001,1997,2001,excess_per_100,1.7856769611468442,-1.8894552150597492,5.414140792258714,626,artifacts/slam_upsets/rolling_five_editions.csv
slam-upsets-final-v1,rolling_five_excess,WTA,Roland Garros,surface_adjusted_elo,maximum_available,1998-2002,1998,2002,excess_per_100,3.405280921233949,0.15593693232419098,5.858643720561109,629,artifacts/slam_upsets/rolling_five_editions.csv
slam-upsets-final-v1,rolling_five_excess,WTA,Roland Garros,surface_adjusted_elo,maximum_available,1999-2003,1999,2003,excess_per_100,2.26023795501416,-1.267381123648025,5.776658242950419,629,artifacts/slam_upsets/rolling_five_editions.csv
slam-upsets-final-v1,rolling_five_excess,WTA,Roland Garros,surface_adjusted_elo,maximum_available,2000-2004,2000,2004,excess_per_100,4.041603439833158,0.3595742600388985,6.546561805258041,629,artifacts/slam_upsets/rolling_five_editions.csv
slam-upsets-final-v1,rolling_five_excess,WTA,Roland Garros,surface_adjusted_elo,maximum_available,2001-2005,2001,2005,excess_per_100,2.27821568011837,-1.1549590984497147,5.5439987792897405,631,artifacts/slam_upsets/rolling_five_editions.csv
slam-upsets-final-v1,rolling_five_excess,WTA,Roland Garros,surface_adjusted_elo,maximum_available,2002-2006,2002,2006,excess_per_100,-0.2350828703565981,-4.270249567619744,4.248664527812138,629,artifacts/slam_upsets/rolling_five_editions.csv
slam-upsets-final-v1,rolling_five_excess,WTA,Roland Garros,surface_adjusted_elo,maximum_available,2003-2007,2003,2007,excess_per_100,-1.7541579064448936,-5.486307627957763,2.725018286585288,629,artifacts/slam_upsets/rolling_five_editions.csv
slam-upsets-final-v1,rolling_five_excess,WTA,Roland Garros,surface_adjusted_elo,maximum_available,2004-2008,2004,2008,excess_per_100,-0.1490446211359384,-4.595705162337942,4.29761592006612,629,artifacts/slam_upsets/rolling_five_editions.csv
slam-upsets-final-v1,rolling_five_excess,WTA,Roland Garros,surface_adjusted_elo,maximum_available,2005-2009,2005,2009,excess_per_100,-1.8952543414598635,-5.416089403807055,2.0098194022118894,629,artifacts/slam_upsets/rolling_five_editions.csv
slam-upsets-final-v1,rolling_five_excess,WTA,Roland Garros,surface_adjusted_elo,maximum_available,2006-2010,2006,2010,excess_per_100,-1.560048715132182,-5.07672693831418,2.0303736616452284,628,artifacts/slam_upsets/rolling_five_editions.csv
slam-upsets-final-v1,rolling_five_excess,WTA,Roland Garros,surface_adjusted_elo,maximum_available,2007-2011,2007,2011,excess_per_100,0.5495343537392195,-2.0925476046374714,3.1916163121159196,628,artifacts/slam_upsets/rolling_five_editions.csv
slam-upsets-final-v1,rolling_five_excess,WTA,Roland Garros,surface_adjusted_elo,maximum_available,2008-2012,2008,2012,excess_per_100,2.8218364221266965,-0.2715135129616113,5.933268180390833,627,artifacts/slam_upsets/rolling_five_editions.csv
slam-upsets-final-v1,rolling_five_excess,WTA,Roland Garros,surface_adjusted_elo,maximum_available,2009-2013,2009,2013,excess_per_100,1.1447673076232812,-1.9994309050275465,5.110935480522898,628,artifacts/slam_upsets/rolling_five_editions.csv
slam-upsets-final-v1,rolling_five_excess,WTA,Roland Garros,surface_adjusted_elo,maximum_available,2010-2014,2010,2014,excess_per_100,2.287649308578825,-0.8512349855861805,5.549166515397081,626,artifacts/slam_upsets/rolling_five_editions.csv
slam-upsets-final-v1,rolling_five_excess,WTA,Roland Garros,surface_adjusted_elo,maximum_available,2011-2015,2011,2015,excess_per_100,2.441767855572977,-1.1757938068192326,5.845331954885788,624,artifacts/slam_upsets/rolling_five_editions.csv
slam-upsets-final-v1,rolling_five_excess,WTA,Roland Garros,surface_adjusted_elo,maximum_available,2012-2016,2012,2016,excess_per_100,1.7486877364058129,-1.4295512045660526,5.483470209976027,624,artifacts/slam_upsets/rolling_five_editions.csv
slam-upsets-final-v1,rolling_five_excess,WTA,Roland Garros,surface_adjusted_elo,maximum_available,2013-2017,2013,2017,excess_per_100,0.32256528317317135,-1.7178296830626656,2.287322389612734,625,artifacts/slam_upsets/rolling_five_editions.csv
slam-upsets-final-v1,rolling_five_excess,WTA,Roland Garros,surface_adjusted_elo,maximum_available,2014-2018,2014,2018,excess_per_100,0.33316892225316136,-1.6423180328755598,2.2361757139194633,623,artifacts/slam_upsets/rolling_five_editions.csv
slam-upsets-final-v1,rolling_five_excess,WTA,Roland Garros,surface_adjusted_elo,maximum_available,2015-2019,2015,2019,excess_per_100,-0.5157906603775991,-2.0087098407072985,0.7010577909726954,623,artifacts/slam_upsets/rolling_five_editions.csv
slam-upsets-final-v1,rolling_five_excess,WTA,Roland Garros,surface_adjusted_elo,maximum_available,2016-2020,2016,2020,excess_per_100,1.322331187143607,-1.7716405781611397,6.121166298968886,623,artifacts/slam_upsets/rolling_five_editions.csv
slam-upsets-final-v1,rolling_five_excess,WTA,Roland Garros,surface_adjusted_elo,maximum_available,2017-2021,2017,2021,excess_per_100,1.3205528574796763,-2.241076433293293,5.826088639509532,621,artifacts/slam_upsets/rolling_five_editions.csv
slam-upsets-final-v1,rolling_five_excess,WTA,Roland Garros,surface_adjusted_elo,maximum_available,2018-2022,2018,2022,excess_per_100,1.1278830264230355,-2.167717627519375,5.790089840270166,615,artifacts/slam_upsets/rolling_five_editions.csv
slam-upsets-final-v1,rolling_five_excess,WTA,Roland Garros,surface_adjusted_elo,maximum_available,2019-2023,2019,2023,excess_per_100,3.3412940979174155,-0.45176893592711437,7.439128014439246,612,artifacts/slam_upsets/rolling_five_editions.csv
slam-upsets-final-v1,rolling_five_excess,WTA,Roland Garros,surface_adjusted_elo,maximum_available,2020-2024,2020,2024,excess_per_100,3.3893546949546747,-0.31928849489325106,7.475185158572031,615,artifacts/slam_upsets/rolling_five_editions.csv
slam-upsets-final-v1,rolling_five_excess,WTA,Roland Garros,surface_adjusted_elo,maximum_available,2021-2025,2021,2025,excess_per_100,1.521233476319291,-0.31928849489325106,4.589806134756052,618,artifacts/slam_upsets/rolling_five_editions.csv
slam-upsets-final-v1,rolling_five_excess,WTA,Wimbledon,surface_adjusted_elo,maximum_available,1988-1992,1988,1992,excess_per_100,-1.5888978633286774,-3.882544560080135,0.240877840159743,633,artifacts/slam_upsets/rolling_five_editions.csv
slam-upsets-final-v1,rolling_five_excess,WTA,Wimbledon,surface_adjusted_elo,maximum_available,1989-1993,1989,1993,excess_per_100,-2.915093295844402,-5.719496843282485,-0.11086532815965537,632,artifacts/slam_upsets/rolling_five_editions.csv
slam-upsets-final-v1,rolling_five_excess,WTA,Wimbledon,surface_adjusted_elo,maximum_available,1990-1994,1990,1994,excess_per_100,-2.780156347389309,-5.719321263529117,0.16833925102392164,631,artifacts/slam_upsets/rolling_five_editions.csv
slam-upsets-final-v1,rolling_five_excess,WTA,Wimbledon,surface_adjusted_elo,maximum_available,1991-1995,1991,1995,excess_per_100,-4.473159531993929,-7.1780999862105705,-1.392832766666791,630,artifacts/slam_upsets/rolling_five_editions.csv
slam-upsets-final-v1,rolling_five_excess,WTA,Wimbledon,surface_adjusted_elo,maximum_available,1992-1996,1992,1996,excess_per_100,-4.193475573835046,-7.09728018242646,-1.197923603219071,631,artifacts/slam_upsets/rolling_five_editions.csv
slam-upsets-final-v1,rolling_five_excess,WTA,Wimbledon,surface_adjusted_elo,maximum_available,1993-1997,1993,1997,excess_per_100,-2.082651796128868,-6.247386724355532,2.095325532505534,630,artifacts/slam_upsets/rolling_five_editions.csv
slam-upsets-final-v1,rolling_five_excess,WTA,Wimbledon,surface_adjusted_elo,maximum_available,1994-1998,1994,1998,excess_per_100,-2.1608582756397796,-6.400814537490072,2.095325532505534,630,artifacts/slam_upsets/rolling_five_editions.csv
slam-upsets-final-v1,rolling_five_excess,WTA,Wimbledon,surface_adjusted_elo,maximum_available,1995-1999,1995,1999,excess_per_100,-1.4647035906964685,-6.403551802301305,3.4741446209083766,631,artifacts/slam_upsets/rolling_five_editions.csv
slam-upsets-final-v1,rolling_five_excess,WTA,Wimbledon,surface_adjusted_elo,maximum_available,1996-2000,1996,2000,excess_per_100,-0.060497131925898076,-3.8976336323761123,3.5593070657234454,631,artifacts/slam_upsets/rolling_five_editions.csv
slam-upsets-final-v1,rolling_five_excess,WTA,Wimbledon,surface_adjusted_elo,maximum_available,1997-2001,1997,2001,excess_per_100,-1.3202624112484551,-6.182566336630271,3.557477399610735,631,artifacts/slam_upsets/rolling_five_editions.csv
slam-upsets-final-v1,rolling_five_excess,WTA,Wimbledon,surface_adjusted_elo,maximum_available,1998-2002,1998,2002,excess_per_100,-3.003132494186123,-6.678516615248179,1.2021320497034083,632,artifacts/slam_upsets/rolling_five_editions.csv
slam-upsets-final-v1,rolling_five_excess,WTA,Wimbledon,surface_adjusted_elo,maximum_available,1999-2003,1999,2003,excess_per_100,-2.900825711193164,-6.537810373175772,1.07687385305157,631,artifacts/slam_upsets/rolling_five_editions.csv
slam-upsets-final-v1,rolling_five_excess,WTA,Wimbledon,surface_adjusted_elo,maximum_available,2000-2004,2000,2004,excess_per_100,-2.73997074748586,-6.538368749865239,1.6234061880560595,628,artifacts/slam_upsets/rolling_five_editions.csv
slam-upsets-final-v1,rolling_five_excess,WTA,Wimbledon,surface_adjusted_elo,maximum_available,2001-2005,2001,2005,excess_per_100,-1.879994379674905,-6.515332817127652,2.8300141044418683,629,artifacts/slam_upsets/rolling_five_editions.csv
slam-upsets-final-v1,rolling_five_excess,WTA,Wimbledon,surface_adjusted_elo,maximum_available,2002-2006,2002,2006,excess_per_100,-0.686662274905249,-4.977309269630318,3.2985657958791132,624,artifacts/slam_upsets/rolling_five_editions.csv
slam-upsets-final-v1,rolling_five_excess,WTA,Wimbledon,surface_adjusted_elo,maximum_available,2003-2007,2003,2007,excess_per_100,-0.8988625753005682,-5.0828376504186945,3.2985657958791132,623,artifacts/slam_upsets/rolling_five_editions.csv
slam-upsets-final-v1,rolling_five_excess,WTA,Wimbledon,surface_adjusted_elo,maximum_available,2004-2008,2004,2008,excess_per_100,1.0379234910596162,-2.3902236522600795,4.055156352567329,622,artifacts/slam_upsets/rolling_five_editions.csv
slam-upsets-final-v1,rolling_five_excess,WTA,Wimbledon,surface_adjusted_elo,maximum_available,2005-2009,2005,2009,excess_per_100,-0.2981682363809292,-2.7480724474351312,2.332720480634151,622,artifacts/slam_upsets/rolling_five_editions.csv
slam-upsets-final-v1,rolling_five_excess,WTA,Wimbledon,surface_adjusted_elo,maximum_available,2006-2010,2006,2010,excess_per_100,-0.06114771029868618,-2.7480724474351312,2.625777026837759,619,artifacts/slam_upsets/rolling_five_editions.csv
slam-upsets-final-v1,rolling_five_excess,WTA,Wimbledon,surface_adjusted_elo,maximum_available,2007-2011,2007,2011,excess_per_100,0.23672857670800396,-2.411299001869498,3.105557201206002,622,artifacts/slam_upsets/rolling_five_editions.csv
slam-upsets-final-v1,rolling_five_excess,WTA,Wimbledon,surface_adjusted_elo,maximum_available,2008-2012,2008,2012,excess_per_100,1.212688584363683,-0.48202005227144523,3.105557201206002,621,artifacts/slam_upsets/rolling_five_editions.csv
slam-upsets-final-v1,rolling_five_excess,WTA,Wimbledon,surface_adjusted_elo,maximum_available,2009-2013,2009,2013,excess_per_100,0.11731149888463836,-1.8051056647154757,2.6274584943995767,621,artifacts/slam_upsets/rolling_five_editions.csv
slam-upsets-final-v1,rolling_five_excess,WTA,Wimbledon,surface_adjusted_elo,maximum_available,2010-2014,2010,2014,excess_per_100,1.4399126115345524,-1.3888641925965164,4.127736680692551,624,artifacts/slam_upsets/rolling_five_editions.csv
slam-upsets-final-v1,rolling_five_excess,WTA,Wimbledon,surface_adjusted_elo,maximum_available,2011-2015,2011,2015,excess_per_100,1.4030371297667399,-1.1816381780874872,3.9712232809520405,625,artifacts/slam_upsets/rolling_five_editions.csv
slam-upsets-final-v1,rolling_five_excess,WTA,Wimbledon,surface_adjusted_elo,maximum_available,2012-2016,2012,2016,excess_per_100,0.8196064257568937,-2.362460833836274,3.9712232809520405,624,artifacts/slam_upsets/rolling_five_editions.csv
slam-upsets-final-v1,rolling_five_excess,WTA,Wimbledon,surface_adjusted_elo,maximum_available,2013-2017,2013,2017,excess_per_100,-0.10300841090042924,-3.603074075822528,3.4766642692127037,624,artifacts/slam_upsets/rolling_five_editions.csv
slam-upsets-final-v1,rolling_five_excess,WTA,Wimbledon,surface_adjusted_elo,maximum_available,2014-2018,2014,2018,excess_per_100,1.8390505583549444,-2.2316160496791806,5.658517113697357,627,artifacts/slam_upsets/rolling_five_editions.csv
slam-upsets-final-v1,rolling_five_excess,WTA,Wimbledon,surface_adjusted_elo,maximum_available,2015-2019,2015,2019,excess_per_100,1.8038387640870224,-2.247015007807649,5.61268477460071,625,artifacts/slam_upsets/rolling_five_editions.csv
slam-upsets-final-v1,rolling_five_excess,WTA,Wimbledon,surface_adjusted_elo,maximum_available,2016-2021,2016,2021,excess_per_100,0.31341837783720167,-3.5246671588636533,4.423206251204694,625,artifacts/slam_upsets/rolling_five_editions.csv
slam-upsets-final-v1,rolling_five_excess,WTA,Wimbledon,surface_adjusted_elo,maximum_available,2017-2022,2017,2022,excess_per_100,2.6141658349099277,-1.916177257212135,7.115653238547131,626,artifacts/slam_upsets/rolling_five_editions.csv
slam-upsets-final-v1,rolling_five_excess,WTA,Wimbledon,surface_adjusted_elo,maximum_available,2018-2023,2018,2023,excess_per_100,2.918590647202726,-1.3326275904816132,7.115653238547131,624,artifacts/slam_upsets/rolling_five_editions.csv
slam-upsets-final-v1,rolling_five_excess,WTA,Wimbledon,surface_adjusted_elo,maximum_available,2019-2024,2019,2024,excess_per_100,1.8808120357755893,-2.0716427815537637,5.820537530021778,620,artifacts/slam_upsets/rolling_five_editions.csv
slam-upsets-final-v1,rolling_five_excess,WTA,Wimbledon,surface_adjusted_elo,maximum_available,2021-2025,2021,2025,excess_per_100,0.2051707920372334,-3.073095632116201,4.846246311229244,621,artifacts/slam_upsets/rolling_five_editions.csv
slam-upsets-final-v1,rolling_five_excess,WTA,US Open,surface_adjusted_elo,maximum_available,1988-1992,1988,1992,excess_per_100,-0.7706727985504158,-3.9879770323719006,2.190560603157573,626,artifacts/slam_upsets/rolling_five_editions.csv
slam-upsets-final-v1,rolling_five_excess,WTA,US Open,surface_adjusted_elo,maximum_available,1989-1993,1989,1993,excess_per_100,0.65723780264356,-3.2938861880642336,3.761402099969907,626,artifacts/slam_upsets/rolling_five_editions.csv
slam-upsets-final-v1,rolling_five_excess,WTA,US Open,surface_adjusted_elo,maximum_available,1990-1994,1990,1994,excess_per_100,1.7596023407280854,-0.4976022632167694,3.799832942882805,626,artifacts/slam_upsets/rolling_five_editions.csv
slam-upsets-final-v1,rolling_five_excess,WTA,US Open,surface_adjusted_elo,maximum_available,1991-1995,1991,1995,excess_per_100,2.3727822567248515,0.8562734515543773,3.799832942882805,628,artifacts/slam_upsets/rolling_five_editions.csv
slam-upsets-final-v1,rolling_five_excess,WTA,US Open,surface_adjusted_elo,maximum_available,1992-1996,1992,1996,excess_per_100,2.6594748055005666,0.8562734515543773,4.336619098791524,628,artifacts/slam_upsets/rolling_five_editions.csv
slam-upsets-final-v1,rolling_five_excess,WTA,US Open,surface_adjusted_elo,maximum_available,1993-1997,1993,1997,excess_per_100,2.0937763541083547,0.27543844484453267,3.9121142633721626,627,artifacts/slam_upsets/rolling_five_editions.csv
slam-upsets-final-v1,rolling_five_excess,WTA,US Open,surface_adjusted_elo,maximum_available,1994-1998,1994,1998,excess_per_100,0.404292000471463,-2.15991244960234,2.9258397519956487,626,artifacts/slam_upsets/rolling_five_editions.csv
slam-upsets-final-v1,rolling_five_excess,WTA,US Open,surface_adjusted_elo,maximum_available,1995-1999,1995,1999,excess_per_100,-1.461825605115225,-5.79067804192959,2.4700739265363603,626,artifacts/slam_upsets/rolling_five_editions.csv
slam-upsets-final-v1,rolling_five_excess,WTA,US Open,surface_adjusted_elo,maximum_available,1996-2000,1996,2000,excess_per_100,-3.3701055120031755,-8.052741306427555,1.2825133863031215,623,artifacts/slam_upsets/rolling_five_editions.csv
slam-upsets-final-v1,rolling_five_excess,WTA,US Open,surface_adjusted_elo,maximum_available,1997-2001,1997,2001,excess_per_100,-4.944752990556226,-8.201507967760108,-1.8763568825303822,625,artifacts/slam_upsets/rolling_five_editions.csv
slam-upsets-final-v1,rolling_five_excess,WTA,US Open,surface_adjusted_elo,maximum_available,1998-2002,1998,2002,excess_per_100,-4.6677390610291,-8.201507967760108,-1.1588671486172895,627,artifacts/slam_upsets/rolling_five_editions.csv
slam-upsets-final-v1,rolling_five_excess,WTA,US Open,surface_adjusted_elo,maximum_available,1999-2003,1999,2003,excess_per_100,-5.106217060797067,-8.484564745918686,-1.3585498600269803,629,artifacts/slam_upsets/rolling_five_editions.csv
slam-upsets-final-v1,rolling_five_excess,WTA,US Open,surface_adjusted_elo,maximum_available,2000-2004,2000,2004,excess_per_100,-2.984916646936601,-6.220940109866211,0.3893201139596036,630,artifacts/slam_upsets/rolling_five_editions.csv
slam-upsets-final-v1,rolling_five_excess,WTA,US Open,surface_adjusted_elo,maximum_available,2001-2005,2001,2005,excess_per_100,-2.4562334291313332,-5.199596358944254,0.3893201139596036,630,artifacts/slam_upsets/rolling_five_editions.csv
slam-upsets-final-v1,rolling_five_excess,WTA,US Open,surface_adjusted_elo,maximum_available,2002-2006,2002,2006,excess_per_100,-2.650936789511884,-5.395857346207817,0.1955395183202156,630,artifacts/slam_upsets/rolling_five_editions.csv
slam-upsets-final-v1,rolling_five_excess,WTA,US Open,surface_adjusted_elo,maximum_available,2003-2007,2003,2007,excess_per_100,-2.6738206338031643,-5.524652105074453,0.149988738214354,630,artifacts/slam_upsets/rolling_five_editions.csv
slam-upsets-final-v1,rolling_five_excess,WTA,US Open,surface_adjusted_elo,maximum_available,2004-2008,2004,2008,excess_per_100,-1.2988079231714376,-3.996093057228418,1.1338728217393987,630,artifacts/slam_upsets/rolling_five_editions.csv
slam-upsets-final-v1,rolling_five_excess,WTA,US Open,surface_adjusted_elo,maximum_available,2005-2009,2005,2009,excess_per_100,-1.5763125645472131,-4.011686079120894,0.8436471936051064,630,artifacts/slam_upsets/rolling_five_editions.csv
slam-upsets-final-v1,rolling_five_excess,WTA,US Open,surface_adjusted_elo,maximum_available,2006-2010,2006,2010,excess_per_100,-0.7862908002995607,-2.6113042353090323,0.8436471936051064,630,artifacts/slam_upsets/rolling_five_editions.csv
slam-upsets-final-v1,rolling_five_excess,WTA,US Open,surface_adjusted_elo,maximum_available,2007-2011,2007,2011,excess_per_100,0.4060802233853249,-0.7137622712289253,1.533124277450489,624,artifacts/slam_upsets/rolling_five_editions.csv
slam-upsets-final-v1,rolling_five_excess,WTA,US Open,surface_adjusted_elo,maximum_available,2008-2012,2008,2012,excess_per_100,0.8163896632048318,-0.7137622712289253,2.5481654690092337,621,artifacts/slam_upsets/rolling_five_editions.csv
slam-upsets-final-v1,rolling_five_excess,WTA,US Open,surface_adjusted_elo,maximum_available,2009-2013,2009,2013,excess_per_100,1.1553186288554174,-0.5535199872944714,2.8201268772934838,622,artifacts/slam_upsets/rolling_five_editions.csv
slam-upsets-final-v1,rolling_five_excess,WTA,US Open,surface_adjusted_elo,maximum_available,2010-2014,2010,2014,excess_per_100,2.264473509650132,0.3270503873655312,4.064191106596873,620,artifacts/slam_upsets/rolling_five_editions.csv
slam-upsets-final-v1,rolling_five_excess,WTA,US Open,surface_adjusted_elo,maximum_available,2011-2015,2011,2015,excess_per_100,4.277455311705163,2.4202619739520603,6.481400087248113,620,artifacts/slam_upsets/rolling_five_editions.csv
slam-upsets-final-v1,rolling_five_excess,WTA,US Open,surface_adjusted_elo,maximum_available,2012-2016,2012,2016,excess_per_100,3.1536685737251906,-0.7469984965377325,6.353459948566784,624,artifacts/slam_upsets/rolling_five_editions.csv
slam-upsets-final-v1,rolling_five_excess,WTA,US Open,surface_adjusted_elo,maximum_available,2013-2017,2013,2017,excess_per_100,2.541832092927766,-1.0245758066512194,6.0657150764104815,627,artifacts/slam_upsets/rolling_five_editions.csv
slam-upsets-final-v1,rolling_five_excess,WTA,US Open,surface_adjusted_elo,maximum_available,2014-2018,2014,2018,excess_per_100,2.268833772943896,-1.0786405690073753,6.2299197540880185,626,artifacts/slam_upsets/rolling_five_editions.csv
slam-upsets-final-v1,rolling_five_excess,WTA,US Open,surface_adjusted_elo,maximum_available,2015-2019,2015,2019,excess_per_100,0.42364236610029676,-3.088026705359959,4.548876466760798,627,artifacts/slam_upsets/rolling_five_editions.csv
slam-upsets-final-v1,rolling_five_excess,WTA,US Open,surface_adjusted_elo,maximum_available,2016-2020,2016,2020,excess_per_100,-1.126807000680448,-3.2132156190991163,0.8406853153797436,629,artifacts/slam_upsets/rolling_five_editions.csv
slam-upsets-final-v1,rolling_five_excess,WTA,US Open,surface_adjusted_elo,maximum_available,2017-2021,2017,2021,excess_per_100,-0.7218936442344042,-2.7620970083192287,0.8406853153797436,630,artifacts/slam_upsets/rolling_five_editions.csv
slam-upsets-final-v1,rolling_five_excess,WTA,US Open,surface_adjusted_elo,maximum_available,2018-2022,2018,2022,excess_per_100,-1.1093562049241374,-2.7620970083192287,0.4400426654690591,628,artifacts/slam_upsets/rolling_five_editions.csv
slam-upsets-final-v1,rolling_five_excess,WTA,US Open,surface_adjusted_elo,maximum_available,2019-2023,2019,2023,excess_per_100,-1.2247875437256186,-2.877712448139518,0.2095470191500714,628,artifacts/slam_upsets/rolling_five_editions.csv
slam-upsets-final-v1,rolling_five_excess,WTA,US Open,surface_adjusted_elo,maximum_available,2020-2024,2020,2024,excess_per_100,-0.46470958343957136,-1.2635499003967183,0.3315785280321256,625,artifacts/slam_upsets/rolling_five_editions.csv
slam-upsets-final-v1,rolling_five_excess,WTA,US Open,surface_adjusted_elo,maximum_available,2021-2025,2021,2025,excess_per_100,-0.9646822459809513,-1.6204634766662969,-0.2146633469577954,623,artifacts/slam_upsets/rolling_five_editions.csv
slam-upsets-final-v1,market_model_validation,ATP,Australian Open,overall_elo,common_matched,2001-2025,,,excess_per_100,-3.890142671774179,-5.153811728404499,-2.6255403853689887,2958,artifacts/odds_benchmark/benchmark_summary.csv
slam-upsets-final-v1,market_model_validation,ATP,Australian Open,surface_adjusted_elo,common_matched,2001-2025,,,excess_per_100,-4.482059986975811,-5.7842093435340205,-3.2039560397445452,2958,artifacts/odds_benchmark/benchmark_summary.csv
slam-upsets-final-v1,market_model_validation,ATP,Australian Open,market_odds,common_matched,2001-2025,,,excess_per_100,-3.3718927912610557,-4.410744809772363,-2.3376156393869705,2958,artifacts/odds_benchmark/benchmark_summary.csv
slam-upsets-final-v1,market_model_validation,ATP,Roland Garros,overall_elo,common_matched,2001-2025,,,excess_per_100,-2.5911680792862755,-4.613152541077311,-0.6713870908790208,3036,artifacts/odds_benchmark/benchmark_summary.csv
slam-upsets-final-v1,market_model_validation,ATP,Roland Garros,surface_adjusted_elo,common_matched,2001-2025,,,excess_per_100,-4.124835278030397,-6.015646853485938,-2.2439840812717655,3036,artifacts/odds_benchmark/benchmark_summary.csv
slam-upsets-final-v1,market_model_validation,ATP,Roland Garros,market_odds,common_matched,2001-2025,,,excess_per_100,-3.7034411011715154,-5.123390092019076,-2.2709859931468412,3036,artifacts/odds_benchmark/benchmark_summary.csv
slam-upsets-final-v1,market_model_validation,ATP,Wimbledon,overall_elo,common_matched,2001-2025,,,excess_per_100,-2.098812139600631,-3.3024030188955296,-1.0566649613189036,2933,artifacts/odds_benchmark/benchmark_summary.csv
slam-upsets-final-v1,market_model_validation,ATP,Wimbledon,surface_adjusted_elo,common_matched,2001-2025,,,excess_per_100,-5.125312101509695,-6.4194930592628605,-3.9039217358971396,2933,artifacts/odds_benchmark/benchmark_summary.csv
slam-upsets-final-v1,market_model_validation,ATP,Wimbledon,market_odds,common_matched,2001-2025,,,excess_per_100,-4.342406551478481,-5.982680870212224,-2.911757562716348,2933,artifacts/odds_benchmark/benchmark_summary.csv
slam-upsets-final-v1,market_model_validation,ATP,US Open,overall_elo,common_matched,2001-2025,,,excess_per_100,-3.2308854951460364,-4.5881538786775735,-1.9039078035185597,2992,artifacts/odds_benchmark/benchmark_summary.csv
slam-upsets-final-v1,market_model_validation,ATP,US Open,surface_adjusted_elo,common_matched,2001-2025,,,excess_per_100,-4.07274276622116,-5.600862221926724,-2.48432276160453,2992,artifacts/odds_benchmark/benchmark_summary.csv
slam-upsets-final-v1,market_model_validation,ATP,US Open,market_odds,common_matched,2001-2025,,,excess_per_100,-2.1354714963923063,-3.3355382823284185,-0.9158849970549127,2992,artifacts/odds_benchmark/benchmark_summary.csv
slam-upsets-final-v1,market_model_validation,WTA,Australian Open,overall_elo,common_matched,2007-2025,,,excess_per_100,2.123490445705844,0.646027330886024,3.8937216800841465,2382,artifacts/odds_benchmark/benchmark_summary.csv
slam-upsets-final-v1,market_model_validation,WTA,Australian Open,surface_adjusted_elo,common_matched,2007-2025,,,excess_per_100,1.6548711526011206,0.2341238075956738,3.2658630269485,2382,artifacts/odds_benchmark/benchmark_summary.csv
slam-upsets-final-v1,market_model_validation,WTA,Australian Open,market_odds,common_matched,2007-2025,,,excess_per_100,-1.1534690438638973,-2.676850140759213,0.632083460683611,2382,artifacts/odds_benchmark/benchmark_summary.csv
slam-upsets-final-v1,market_model_validation,WTA,Roland Garros,overall_elo,common_matched,2007-2025,,,excess_per_100,2.825114650760739,1.1218741869879196,4.710553814064799,2368,artifacts/odds_benchmark/benchmark_summary.csv
slam-upsets-final-v1,market_model_validation,WTA,Roland Garros,surface_adjusted_elo,common_matched,2007-2025,,,excess_per_100,1.3757319235434262,-0.28698511102464136,3.192070724926546,2368,artifacts/odds_benchmark/benchmark_summary.csv
slam-upsets-final-v1,market_model_validation,WTA,Roland Garros,market_odds,common_matched,2007-2025,,,excess_per_100,-1.1936031944695389,-2.810492467300794,0.5139747460249603,2368,artifacts/odds_benchmark/benchmark_summary.csv
slam-upsets-final-v1,market_model_validation,WTA,Wimbledon,overall_elo,common_matched,2007-2025,,,excess_per_100,3.7576989200236017,2.1349127321852897,5.472925793326238,2242,artifacts/odds_benchmark/benchmark_summary.csv
slam-upsets-final-v1,market_model_validation,WTA,Wimbledon,surface_adjusted_elo,common_matched,2007-2025,,,excess_per_100,0.7644072951836844,-1.062597244171155,2.64825148045285,2242,artifacts/odds_benchmark/benchmark_summary.csv
slam-upsets-final-v1,market_model_validation,WTA,Wimbledon,market_odds,common_matched,2007-2025,,,excess_per_100,-0.6114409519156976,-2.4285061530742587,1.0664026504157027,2242,artifacts/odds_benchmark/benchmark_summary.csv
slam-upsets-final-v1,market_model_validation,WTA,US Open,overall_elo,common_matched,2007-2025,,,excess_per_100,0.5157230328423505,-0.7219789482019061,1.8566968182595656,2375,artifacts/odds_benchmark/benchmark_summary.csv
slam-upsets-final-v1,market_model_validation,WTA,US Open,surface_adjusted_elo,common_matched,2007-2025,,,excess_per_100,0.5813202641063694,-0.6613742553373112,2.01860494284122,2375,artifacts/odds_benchmark/benchmark_summary.csv
slam-upsets-final-v1,market_model_validation,WTA,US Open,market_odds,common_matched,2007-2025,,,excess_per_100,-2.51753500780524,-3.5847882863770817,-1.2936680463352324,2375,artifacts/odds_benchmark/benchmark_summary.csv
slam-upsets-final-v1,direct_wimbledon_contrast,ATP,Wimbledon,surface_adjusted_elo,common_matched,2001-2025,,,expected_per_100,1.5635437902667846,1.1625080499841383,1.9034314686071232,,artifacts/robustness/wimbledon_contrasts.csv
slam-upsets-final-v1,direct_wimbledon_contrast,ATP,Wimbledon,surface_adjusted_elo,common_matched,2001-2025,,,excess_per_100,-0.8987660911005486,-2.2892941518982215,0.38421558551595375,,artifacts/robustness/wimbledon_contrasts.csv
slam-upsets-final-v1,direct_wimbledon_contrast,WTA,Wimbledon,surface_adjusted_elo,common_matched,2007-2025,,,expected_per_100,1.871295992585985,1.296583410239963,2.5356102872247366,,artifacts/robustness/wimbledon_contrasts.csv
slam-upsets-final-v1,direct_wimbledon_contrast,WTA,Wimbledon,surface_adjusted_elo,common_matched,2007-2025,,,excess_per_100,-0.43956715156665105,-2.4810869375784885,1.6612762396990728,,artifacts/robustness/wimbledon_contrasts.csv
