analysis_version,probable_duplicate_group_id,tour,year,tourney_date,tourney_name_key,round,player_1_id,player_2_id,group_size,conflicting_recorded_winner,representative_rank,selected_representative,keep_one_selection_decision,base_rating_update_eligible,base_exclusion_reason,effective_rating_history_decision,source_file,source_row_number,match_id,winner_id,loser_id,canonical_table_mutated
rating-history-sensitivities-v1,7ab9335c4c3a840059466c9e996025ba3ad922079966040d5c341243257eeabb,ATP,1968,1968-12-08,kings cup final,RR,100084,100098,2,True,1,True,selected_representative,True,,updates_state_under_keep_one,atp/atp_matches_1968.csv,4363,8438087c5dcc7b74e7f7de8ba1f7b9b50394d7ef28519a26b42c9c3b109d16d7,100084,100098,False
rating-history-sensitivities-v1,7ab9335c4c3a840059466c9e996025ba3ad922079966040d5c341243257eeabb,ATP,1968,1968-12-08,kings cup final,RR,100084,100098,2,True,2,False,excluded_group_member,True,,excluded_by_keep_one,atp/atp_matches_1968.csv,4365,6e4050b740096c75203e00e3cabe1c2f5a741263267242b8937ed16c76630573,100098,100084,False
rating-history-sensitivities-v1,6b714e5d90d8665987a9bc4538453589a41c2d06f743188a0837c8444fd5cbb7,ATP,1968,1968-12-08,kings cup sf,RR,100084,100113,2,False,1,True,selected_representative,True,,updates_state_under_keep_one,atp/atp_matches_1968.csv,4360,b4579cb1585c1d14add106f5e4eac25af1d5211dcec24481b8cad8f2a563960c,100084,100113,False
rating-history-sensitivities-v1,6b714e5d90d8665987a9bc4538453589a41c2d06f743188a0837c8444fd5cbb7,ATP,1968,1968-12-08,kings cup sf,RR,100084,100113,2,False,2,False,excluded_group_member,True,,excluded_by_keep_one,atp/atp_matches_1968.csv,4362,2e37c83df0aa0e635a9fcd580a025d6dbd630a6b61a79d0c7a8b6d3625d45900,100084,100113,False
rating-history-sensitivities-v1,35322e6797a60cd3a3bf09f004ef64affd7db91ad0140fd22f1e101338afe5ba,ATP,1969,1969-05-12,barcelona,R64,199999,199999,2,False,1,True,selected_representative,False,identical_player_ids,excluded_by_base_rules,atp/atp_matches_1969.csv,987,847c15faeee6f78915a1f4ce19678257eb0d6e22e5298b73a69739553c03c046,199999,199999,False
rating-history-sensitivities-v1,35322e6797a60cd3a3bf09f004ef64affd7db91ad0140fd22f1e101338afe5ba,ATP,1969,1969-05-12,barcelona,R64,199999,199999,2,False,2,False,excluded_group_member,False,identical_player_ids,excluded_by_base_rules_and_keep_one,atp/atp_matches_1969.csv,989,53b89532a9477cc2c55b88391b08d2386f844b73e1a473296bcb24bf90d28255,199999,199999,False
rating-history-sensitivities-v1,97b3b9a4d3b76b341df4b3527012225ecc38da00d0e74b4c7a3a2cd1e7479e2e,ATP,1969,1969-08-20,newport,RR,100058,100084,2,False,1,True,selected_representative,True,,updates_state_under_keep_one,atp/atp_matches_1969.csv,2990,575a186b23bd75cdacd0442cf84ee10aae950db9300cd2a21aa9503947b9369d,100084,100058,False
rating-history-sensitivities-v1,97b3b9a4d3b76b341df4b3527012225ecc38da00d0e74b4c7a3a2cd1e7479e2e,ATP,1969,1969-08-20,newport,RR,100058,100084,2,False,2,False,excluded_group_member,True,,excluded_by_keep_one,atp/atp_matches_1969.csv,2999,cee93768414aa6423309568c72eb121e5caea0da8a47653342c33d011515879d,100084,100058,False
rating-history-sensitivities-v1,71c196d0dc1467742a55f429cb7b737f3312bace5dd4be487a930867d18329e0,ATP,1969,1969-08-20,newport,RR,100069,100121,2,False,1,True,selected_representative,True,,updates_state_under_keep_one,atp/atp_matches_1969.csv,2991,3c631cdcc9a4b9ffddc644c18c91ae8f93406c06298f3c0ec57bc5f6acc319b9,100069,100121,False
rating-history-sensitivities-v1,71c196d0dc1467742a55f429cb7b737f3312bace5dd4be487a930867d18329e0,ATP,1969,1969-08-20,newport,RR,100069,100121,2,False,2,False,excluded_group_member,True,,excluded_by_keep_one,atp/atp_matches_1969.csv,2996,3b9820e77e981189246315b4ae72b76f8573663c51b9fd96bc3f77bd3a52f767,100069,100121,False
rating-history-sensitivities-v1,afa5ebd55fb3216db5b29902e0b7f6e1a3d11cf205af63754ee0ca3477875334,ATP,1970,1970-03-09,cambridge,RR,100087,100126,2,False,1,True,selected_representative,True,,updates_state_under_keep_one,atp/atp_matches_1970.csv,2242,db246a1f11afc8341396466a77fc0c82bbcbd7366089d7a2c1b78211caa4eb58,100087,100126,False
rating-history-sensitivities-v1,afa5ebd55fb3216db5b29902e0b7f6e1a3d11cf205af63754ee0ca3477875334,ATP,1970,1970-03-09,cambridge,RR,100087,100126,2,False,2,False,excluded_group_member,True,,excluded_by_keep_one,atp/atp_matches_1970.csv,2243,bddb5af8c693faedd657287dd908bc7022c64fd75d72d5e5d6d8ccccb2d584fd,100087,100126,False
rating-history-sensitivities-v1,aa5bc53e3fd67559fb6778a9674ad66b6145c1fd915c217fee54291f36f5733e,ATP,1970,1970-07-27,indianapolis,F,100126,100128,2,False,1,True,selected_representative,True,,updates_state_under_keep_one,atp/atp_matches_1970.csv,1131,79e14e67f544790dcea846879aa723e4f64002ae9dd61bd9c2af219b8e540fc4,100128,100126,False
rating-history-sensitivities-v1,aa5bc53e3fd67559fb6778a9674ad66b6145c1fd915c217fee54291f36f5733e,ATP,1970,1970-07-27,indianapolis,F,100126,100128,2,False,2,False,excluded_group_member,True,,excluded_by_keep_one,atp/atp_matches_1970.csv,2686,7a18805489aef32086d10f6d3ba25468d0267add9627d4f7be1a7d2b1672d105,100128,100126,False
rating-history-sensitivities-v1,4ae0c89e13973d1b334b2197065f3581172e381fffe001061d819f041bec0531,ATP,1970,1970-07-27,indianapolis,QF,100067,100128,2,False,1,True,selected_representative,True,,updates_state_under_keep_one,atp/atp_matches_1970.csv,1125,81f0b75d89533c72b774940b4bdf4665d06c82a7956510e1bf400e1e98399348,100128,100067,False
rating-history-sensitivities-v1,4ae0c89e13973d1b334b2197065f3581172e381fffe001061d819f041bec0531,ATP,1970,1970-07-27,indianapolis,QF,100067,100128,2,False,2,False,excluded_group_member,True,,excluded_by_keep_one,atp/atp_matches_1970.csv,2689,92526924f7e6eb35ef115df6f275679fe8b4cd874d4a37550c0b08cbdd450cce,100128,100067,False
rating-history-sensitivities-v1,7ec82bc9507fdf8db0bc288c298bffa9e7231201feaa74aa2b8a94b3f286cd2d,ATP,1970,1970-07-27,indianapolis,QF,100074,100105,2,False,1,True,selected_representative,True,,updates_state_under_keep_one,atp/atp_matches_1970.csv,1127,035c77b3677c4ceb8b6ad4e7d0f0aa31bac18ae04f11250ac30361bae0c44525,100074,100105,False
rating-history-sensitivities-v1,7ec82bc9507fdf8db0bc288c298bffa9e7231201feaa74aa2b8a94b3f286cd2d,ATP,1970,1970-07-27,indianapolis,QF,100074,100105,2,False,2,False,excluded_group_member,True,,excluded_by_keep_one,atp/atp_matches_1970.csv,2692,c2b36c79e9fef60cdec801b53b6ac07e8ff96fbb7a6a8071d8847882c6a7f1aa,100074,100105,False
rating-history-sensitivities-v1,f6373189d311d7a6fc762e529e0ef1648b5e37cd1463d74821fc89fb0e6cc3f5,ATP,1970,1970-07-27,indianapolis,QF,100078,100141,2,False,1,True,selected_representative,True,,updates_state_under_keep_one,atp/atp_matches_1970.csv,1126,68149edab5c2f4fd28385668941db2c089ec30582086ad56e830f9d181ef1e2f,100141,100078,False
rating-history-sensitivities-v1,f6373189d311d7a6fc762e529e0ef1648b5e37cd1463d74821fc89fb0e6cc3f5,ATP,1970,1970-07-27,indianapolis,QF,100078,100141,2,False,2,False,excluded_group_member,True,,excluded_by_keep_one,atp/atp_matches_1970.csv,2691,7f96d387f70eaef77297b79168e36d9fda4572c0cfaef5f6fc3e68a64b8abc81,100141,100078,False
rating-history-sensitivities-v1,6aeea85ceb646456c3ffe23045098fccfb2b4b7b426f599de1266642909c2390,ATP,1970,1970-07-27,indianapolis,QF,100115,100126,2,False,1,True,selected_representative,True,,updates_state_under_keep_one,atp/atp_matches_1970.csv,1128,1919b5c6261d8750a16d4319603b02d46d2bef84bc6bbff36d807132f6965307,100126,100115,False
rating-history-sensitivities-v1,6aeea85ceb646456c3ffe23045098fccfb2b4b7b426f599de1266642909c2390,ATP,1970,1970-07-27,indianapolis,QF,100115,100126,2,False,2,False,excluded_group_member,True,,excluded_by_keep_one,atp/atp_matches_1970.csv,2690,2d1f060f1a9fc314b8bf2c075332b9133e9664d417df43f259bddb9c4d82e34d,100126,100115,False
rating-history-sensitivities-v1,19eb7c0c1ae71999b3c522356dcf16620b100576ec053693f96d8c12dccbccee,ATP,1970,1970-07-27,indianapolis,R16,100035,100078,2,False,1,True,selected_representative,True,,updates_state_under_keep_one,atp/atp_matches_1970.csv,1119,f3963e080b20e1c7161ffc18251ef7c40017a9aaf6e89efbb523fd7c792ed22c,100078,100035,False
rating-history-sensitivities-v1,19eb7c0c1ae71999b3c522356dcf16620b100576ec053693f96d8c12dccbccee,ATP,1970,1970-07-27,indianapolis,R16,100035,100078,2,False,2,False,excluded_group_member,True,,excluded_by_keep_one,atp/atp_matches_1970.csv,2697,45e8b1aea73dbdb4d9099d1bd8af948907da5e0e85f4cf99d5bcd1e7f7d749f9,100078,100035,False
rating-history-sensitivities-v1,7231411101f98af340dc71b0be53af03eec7df450c0eddf2918500570a7da0d2,ATP,1970,1970-07-27,indianapolis,R16,100067,100088,2,False,1,True,selected_representative,True,,updates_state_under_keep_one,atp/atp_matches_1970.csv,1118,19ebf7321f9e89e1910b924d82573f1319a4ebeb44e4ad6d7a6a8b9625b1cebe,100067,100088,False
rating-history-sensitivities-v1,7231411101f98af340dc71b0be53af03eec7df450c0eddf2918500570a7da0d2,ATP,1970,1970-07-27,indianapolis,R16,100067,100088,2,False,2,False,excluded_group_member,True,,excluded_by_keep_one,atp/atp_matches_1970.csv,2700,2ef0036f6a2b218fec93b0c4153d034b73834519d433e8a7cd74db6f0fb14bb1,100067,100088,False
rating-history-sensitivities-v1,0332221388406573567503201cd69954ea3d3a66c7af98d1d1e2a99db1ab07ab,ATP,1970,1970-07-27,indianapolis,R16,100074,107309,2,False,1,True,selected_representative,True,,updates_state_under_keep_one,atp/atp_matches_1970.csv,1122,a14666fc1e3373b7fa354dce459d8bbbb5357054ddcff03b28ec948ae0127bf0,100074,107309,False
rating-history-sensitivities-v1,0332221388406573567503201cd69954ea3d3a66c7af98d1d1e2a99db1ab07ab,ATP,1970,1970-07-27,indianapolis,R16,100074,107309,2,False,2,False,excluded_group_member,True,,excluded_by_keep_one,atp/atp_matches_1970.csv,2698,43ef0039ed36d125e4343dfeaa97c10909370b958cc7dc9b36b2887ab4a4557d,100074,107309,False
rating-history-sensitivities-v1,d45720c62e59b036ca4c5a2d3452dd8adbd348484f635c4f013f54323dc6041a,ATP,1970,1970-07-27,indianapolis,R16,100101,100141,2,False,1,True,selected_representative,True,,updates_state_under_keep_one,atp/atp_matches_1970.csv,1120,fbf4ddaf965ec453c6a31c5fd567809b469879ed0e8383549b6a0440d005a6c1,100141,100101,False
rating-history-sensitivities-v1,d45720c62e59b036ca4c5a2d3452dd8adbd348484f635c4f013f54323dc6041a,ATP,1970,1970-07-27,indianapolis,R16,100101,100141,2,False,2,False,excluded_group_member,True,,excluded_by_keep_one,atp/atp_matches_1970.csv,2696,07b1f990a436d7e7a2b97688fb96af06f1bc3dec24396e0f9866bd07567067ce,100141,100101,False
rating-history-sensitivities-v1,98107319cc2348b6b5f62faa86d584a70c8ef91bb2fd43ea0e341970d057e449,ATP,1970,1970-07-27,indianapolis,R16,100105,100113,2,False,1,True,selected_representative,True,,updates_state_under_keep_one,atp/atp_matches_1970.csv,1121,e9893f0620e61903c02e34e833c48f35c12f96221c8d5911cdd7ead5aecc8e14,100105,100113,False
rating-history-sensitivities-v1,98107319cc2348b6b5f62faa86d584a70c8ef91bb2fd43ea0e341970d057e449,ATP,1970,1970-07-27,indianapolis,R16,100105,100113,2,False,2,False,excluded_group_member,True,,excluded_by_keep_one,atp/atp_matches_1970.csv,2695,c3fa690c6cb1d895818e69e98917c34b2084a5996109ac05a8afdc51d5e5947c,100105,100113,False
rating-history-sensitivities-v1,d95f7a47d7d457d24b17fc82c0a89b53c22ae4d7fdd17ff675b290fdabd36187,ATP,1970,1970-07-27,indianapolis,R16,100115,100119,2,False,1,True,selected_representative,True,,updates_state_under_keep_one,atp/atp_matches_1970.csv,1123,a16fba1bc5f38c4937eda9c6f2acd9996311bdf80d4c976dd9ae696e8f1c178d,100115,100119,False
rating-history-sensitivities-v1,d95f7a47d7d457d24b17fc82c0a89b53c22ae4d7fdd17ff675b290fdabd36187,ATP,1970,1970-07-27,indianapolis,R16,100115,100119,2,False,2,False,excluded_group_member,True,,excluded_by_keep_one,atp/atp_matches_1970.csv,2699,7423ecbfbff141814dff0f37d6f7f65bb5380f38d220ede5bc42e47237b9c754,100115,100119,False
rating-history-sensitivities-v1,582c15c3135dd767d8a46941ce39bbb87249d4edac93ed3579147b69d3d3c85c,ATP,1970,1970-07-27,indianapolis,R16,100117,100128,2,False,1,True,selected_representative,True,,updates_state_under_keep_one,atp/atp_matches_1970.csv,1117,1aca596f86086aaad90acfac331e5fc79764cb07c941edd8bcd70bd39fe14a01,100128,100117,False
rating-history-sensitivities-v1,582c15c3135dd767d8a46941ce39bbb87249d4edac93ed3579147b69d3d3c85c,ATP,1970,1970-07-27,indianapolis,R16,100117,100128,2,False,2,False,excluded_group_member,True,,excluded_by_keep_one,atp/atp_matches_1970.csv,2693,96157ad0f6cf74a2d51b059e670eb99379c2bad65300b49442c5d31eb8bba2a7,100128,100117,False
rating-history-sensitivities-v1,7af7a1b807d63f39e2c61e19024ef212b4ed5b39ca7b21de6356b00c16df2ec3,ATP,1970,1970-07-27,indianapolis,R16,100126,100162,2,False,1,True,selected_representative,True,,updates_state_under_keep_one,atp/atp_matches_1970.csv,1124,f24b7bd5a186cbbb8e6ee250c6fe338b2f508e2e69ed4ecca1ce1b145036926b,100126,100162,False
rating-history-sensitivities-v1,7af7a1b807d63f39e2c61e19024ef212b4ed5b39ca7b21de6356b00c16df2ec3,ATP,1970,1970-07-27,indianapolis,R16,100126,100162,2,False,2,False,excluded_group_member,True,,excluded_by_keep_one,atp/atp_matches_1970.csv,2694,6b01a88aba33bd6fcc57f59517dafd6c347bcfd3affb521b3b529b3485556f28,100126,100162,False
rating-history-sensitivities-v1,d96af6876dfdc12a01f5239b1ee34d3c7312ebf52c2b7ce52c2ddd6fe03ad977,ATP,1970,1970-07-27,indianapolis,R32,100035,100049,2,False,1,True,selected_representative,True,,updates_state_under_keep_one,atp/atp_matches_1970.csv,1106,9d94fa7b49dc167d3042c5d8951dcf780e429e0672e4209e988a58a095a945bb,100035,100049,False
rating-history-sensitivities-v1,d96af6876dfdc12a01f5239b1ee34d3c7312ebf52c2b7ce52c2ddd6fe03ad977,ATP,1970,1970-07-27,indianapolis,R32,100035,100049,2,False,2,False,excluded_group_member,True,,excluded_by_keep_one,atp/atp_matches_1970.csv,2716,13d4ee6fe455864d65ee69ddd05a798554a6ff02bfcbf4a82a8b7b32259948ef,100035,100049,False
rating-history-sensitivities-v1,1514bdd9e3d88bf8bc00ecc3177f1d960ca36c0a17ac149dd8bb9197241a0cf1,ATP,1970,1970-07-27,indianapolis,R32,100040,100162,2,False,1,True,selected_representative,True,,updates_state_under_keep_one,atp/atp_matches_1970.csv,1115,7a8744093f24dc8e7414c69729ab8ccd91373f22d89837b28e1b5b0f0ec977f3,100162,100040,False
rating-history-sensitivities-v1,1514bdd9e3d88bf8bc00ecc3177f1d960ca36c0a17ac149dd8bb9197241a0cf1,ATP,1970,1970-07-27,indianapolis,R32,100040,100162,2,False,2,False,excluded_group_member,True,,excluded_by_keep_one,atp/atp_matches_1970.csv,2711,30ca7653114c245810c1615f6e75b060948a9c7f32e442a7ae1010e72e6a7034,100162,100040,False
rating-history-sensitivities-v1,7ef757fed20a43431dba4900f30759ead1b913fc0ab9a96e74510a7cbc5c21f5,ATP,1970,1970-07-27,indianapolis,R32,100047,100067,2,False,1,True,selected_representative,True,,updates_state_under_keep_one,atp/atp_matches_1970.csv,1104,2b0fcdaece0819463a4dad096047ab0d3f62ab1cc937685195f07ae7302edbf7,100067,100047,False
rating-history-sensitivities-v1,7ef757fed20a43431dba4900f30759ead1b913fc0ab9a96e74510a7cbc5c21f5,ATP,1970,1970-07-27,indianapolis,R32,100047,100067,2,False,2,False,excluded_group_member,True,,excluded_by_keep_one,atp/atp_matches_1970.csv,2708,963c788328fadecb1e51467c5b5e7a2316d006cfc043f8277a4d3209229b33dd,100067,100047,False
rating-history-sensitivities-v1,1f9fba31085319b12aa67ecac50f4d97f3cc8cdd42f914893807d4b3649fe68b,ATP,1970,1970-07-27,indianapolis,R32,100066,107309,2,False,1,True,selected_representative,True,,updates_state_under_keep_one,atp/atp_matches_1970.csv,1111,fd50b31c3012c2c536c529a5997d05d70f3e731d3ef19e71f3128027134ae915,107309,100066,False
rating-history-sensitivities-v1,1f9fba31085319b12aa67ecac50f4d97f3cc8cdd42f914893807d4b3649fe68b,ATP,1970,1970-07-27,indianapolis,R32,100066,107309,2,False,2,False,excluded_group_member,True,,excluded_by_keep_one,atp/atp_matches_1970.csv,2713,bd5c91c3c8d50bc69db639d44fdbfb62b2a3609ae0ff247a9aa93b2fbc230bd1,107309,100066,False
rating-history-sensitivities-v1,6bf47c395a65e49350ab3c80e2a1985650ee27abe3ab19645bd6cae22aed09f7,ATP,1970,1970-07-27,indianapolis,R32,100074,100110,2,False,1,True,selected_representative,True,,updates_state_under_keep_one,atp/atp_matches_1970.csv,1112,33ce60ea8def6d23132f03892e94112cbc3509eda09531797e6cbe48b05919df,100074,100110,False
rating-history-sensitivities-v1,6bf47c395a65e49350ab3c80e2a1985650ee27abe3ab19645bd6cae22aed09f7,ATP,1970,1970-07-27,indianapolis,R32,100074,100110,2,False,2,False,excluded_group_member,True,,excluded_by_keep_one,atp/atp_matches_1970.csv,2706,ae844b9e886d8dcc2a35abffdeb947be365fbc405ba4aa5e3732acd1682af916,100074,100110,False
rating-history-sensitivities-v1,271115ddebcd20926225d19208604530a6063ad7ac704df406ea475935983116,ATP,1970,1970-07-27,indianapolis,R32,100078,100135,2,False,1,True,selected_representative,True,,updates_state_under_keep_one,atp/atp_matches_1970.csv,1105,77dede466fc80f186546177232a6b7de3e5c5fc64555853268f085a7ebc42042,100078,100135,False
rating-history-sensitivities-v1,271115ddebcd20926225d19208604530a6063ad7ac704df406ea475935983116,ATP,1970,1970-07-27,indianapolis,R32,100078,100135,2,False,2,False,excluded_group_member,True,,excluded_by_keep_one,atp/atp_matches_1970.csv,2705,a041554d682bc87e6b534469da36d056da54d9cd5268b075eefcfca6e6e86bd1,100078,100135,False
rating-history-sensitivities-v1,0abfda6871c4e3b024575d8c7035c6383707554687830ec0a9048dc2c635eeea,ATP,1970,1970-07-27,indianapolis,R32,100081,100105,2,False,1,True,selected_representative,True,,updates_state_under_keep_one,atp/atp_matches_1970.csv,1110,ec807052e0e221966081019978e13ec24dc62846c3dbad35e9025d9c8b7e24c6,100105,100081,False
rating-history-sensitivities-v1,0abfda6871c4e3b024575d8c7035c6383707554687830ec0a9048dc2c635eeea,ATP,1970,1970-07-27,indianapolis,R32,100081,100105,2,False,2,False,excluded_group_member,True,,excluded_by_keep_one,atp/atp_matches_1970.csv,2715,60234665e1678128589986c58ece90893ffe109f0a1f785560b6e17806716237,100105,100081,False
rating-history-sensitivities-v1,9513f48fc9960832913453da6ff930ca731f5f3b83a17150bdaa8e82b7db5e0c,ATP,1970,1970-07-27,indianapolis,R32,100083,100117,2,False,1,True,selected_representative,True,,updates_state_under_keep_one,atp/atp_matches_1970.csv,1102,c5d299559a078ea0679d7e91699a21cc51693371df1915fadc818c0534ba8456,100117,100083,False
rating-history-sensitivities-v1,9513f48fc9960832913453da6ff930ca731f5f3b83a17150bdaa8e82b7db5e0c,ATP,1970,1970-07-27,indianapolis,R32,100083,100117,2,False,2,False,excluded_group_member,True,,excluded_by_keep_one,atp/atp_matches_1970.csv,2714,f563ff07443f536b6fab750311e4d1f7331295d7861273ad287a6b0fa6e6b5f8,100117,100083,False
rating-history-sensitivities-v1,6095994410a6d85ea3de747f544fc6348e285bd8671e422bb75f6d3517b3f750,ATP,1970,1970-07-27,indianapolis,R32,100088,117315,2,False,1,True,selected_representative,True,,updates_state_under_keep_one,atp/atp_matches_1970.csv,1103,a00b62bf1ccd78a777a86a066bb0e83b9e834ffb3580950d0861698f64298962,100088,117315,False
rating-history-sensitivities-v1,6095994410a6d85ea3de747f544fc6348e285bd8671e422bb75f6d3517b3f750,ATP,1970,1970-07-27,indianapolis,R32,100088,117315,2,False,2,False,excluded_group_member,True,,excluded_by_keep_one,atp/atp_matches_1970.csv,2710,85f29652cf3481c9cf689a3c024fe4985c97bf2370137a6f7f4cc44c679286dc,100088,117315,False
rating-history-sensitivities-v1,aeb87297f6369288c1b2eee77a61850ebd4b7ec46d4f8c05eeac5f4f77ece0b4,ATP,1970,1970-07-27,indianapolis,R32,100101,109927,2,False,1,True,selected_representative,True,,updates_state_under_keep_one,atp/atp_matches_1970.csv,1107,b111faf9855a81ba61e87e8c2f0870c1ad67ea9d82e25aca0f4711e932053aed,100101,109927,False
rating-history-sensitivities-v1,aeb87297f6369288c1b2eee77a61850ebd4b7ec46d4f8c05eeac5f4f77ece0b4,ATP,1970,1970-07-27,indianapolis,R32,100101,109927,2,False,2,False,excluded_group_member,True,,excluded_by_keep_one,atp/atp_matches_1970.csv,2709,0f55f49de32c7d3698e61e40512f338e3ceacfd9d4c9f4d19721549f451d29a4,100101,109927,False
rating-history-sensitivities-v1,62aa7d49c5c20fce77da11a7b5785ac80d72d85c6096b2ecfe78f479ddfee797,ATP,1970,1970-07-27,indianapolis,R32,100111,100126,2,False,1,True,selected_representative,True,,updates_state_under_keep_one,atp/atp_matches_1970.csv,1116,6edd0268bf76dafaf5bd1bd056f105b4406375595b7fdd8fddb05b3a08eb0449,100126,100111,False
rating-history-sensitivities-v1,62aa7d49c5c20fce77da11a7b5785ac80d72d85c6096b2ecfe78f479ddfee797,ATP,1970,1970-07-27,indianapolis,R32,100111,100126,2,False,2,False,excluded_group_member,True,,excluded_by_keep_one,atp/atp_matches_1970.csv,2702,8625065bb0e179ec1563913716fb0a799985b2147dc8bf26ccf1ba0f2a65bdaf,100126,100111,False
rating-history-sensitivities-v1,1ab5f49a4539c9e2530150d47e9cf761858f2fee40a3fb3f59000200af1896ef,ATP,1970,1970-07-27,indianapolis,R32,100113,100229,2,False,1,True,selected_representative,True,,updates_state_under_keep_one,atp/atp_matches_1970.csv,1109,e511ecb49a372411dbd0c6ffe8582a70026632bea3daa1d4fd4ad346af75af78,100113,100229,False
rating-history-sensitivities-v1,1ab5f49a4539c9e2530150d47e9cf761858f2fee40a3fb3f59000200af1896ef,ATP,1970,1970-07-27,indianapolis,R32,100113,100229,2,False,2,False,excluded_group_member,True,,excluded_by_keep_one,atp/atp_matches_1970.csv,2703,82eb0e4dffe9e9f37d36a738d8c4446e64892111110a1b234af02edad787a228,100113,100229,False
rating-history-sensitivities-v1,97791223f2d5af1c519f94d218c68fcaa77c587925a73ddb463d77b1f5b8ab51,ATP,1970,1970-07-27,indianapolis,R32,100114,100128,2,False,1,True,selected_representative,True,,updates_state_under_keep_one,atp/atp_matches_1970.csv,1101,2a60c5fb9c4606eee549961b8787b125ced3b40e7cd59f6d52d2216da6e34fff,100128,100114,False
rating-history-sensitivities-v1,97791223f2d5af1c519f94d218c68fcaa77c587925a73ddb463d77b1f5b8ab51,ATP,1970,1970-07-27,indianapolis,R32,100114,100128,2,False,2,False,excluded_group_member,True,,excluded_by_keep_one,atp/atp_matches_1970.csv,2701,8cd81531a0fa542b39cafd161a69874a3eb6a3e7fdad7956c346ca5146c9defe,100128,100114,False
rating-history-sensitivities-v1,1a799f37346e8be8b07a967b0c2a65350e95e3f4c36556936a10818c604fa388,ATP,1970,1970-07-27,indianapolis,R32,100115,107799,2,False,1,True,selected_representative,True,,updates_state_under_keep_one,atp/atp_matches_1970.csv,1114,754d998fe7b51187fefb1e18105156a618175d12fc057a2ccfbf61062de0c1b3,100115,107799,False
rating-history-sensitivities-v1,1a799f37346e8be8b07a967b0c2a65350e95e3f4c36556936a10818c604fa388,ATP,1970,1970-07-27,indianapolis,R32,100115,107799,2,False,2,False,excluded_group_member,True,,excluded_by_keep_one,atp/atp_matches_1970.csv,2712,f077a0e97ad32ebd8c4670cfa79f46a0b4e0dd41a25fb8b5478bcf7b9f50ad55,100115,107799,False
rating-history-sensitivities-v1,15782d4463beb6c945d7245f945b0ebfcfbc7aeb91dc0414b9ebe4a56a0dcb2b,ATP,1970,1970-07-27,indianapolis,R32,100119,100147,2,False,1,True,selected_representative,True,,updates_state_under_keep_one,atp/atp_matches_1970.csv,1113,3d3322762d069f9066c0c769c40fa361338e602733feab5a942d0e6025727c5d,100119,100147,False
rating-history-sensitivities-v1,15782d4463beb6c945d7245f945b0ebfcfbc7aeb91dc0414b9ebe4a56a0dcb2b,ATP,1970,1970-07-27,indianapolis,R32,100119,100147,2,False,2,False,excluded_group_member,True,,excluded_by_keep_one,atp/atp_matches_1970.csv,2707,51d2c786d39fbe66ea27418c8a80b8138a1dcf4771c3fadb609f512ba07f9c4e,100119,100147,False
rating-history-sensitivities-v1,4311422e5e3f4524edf8dfac87f385cc1ec4db2b7fa458dd6152bc71eabd20d0,ATP,1970,1970-07-27,indianapolis,R32,100141,109835,2,False,1,True,selected_representative,True,,updates_state_under_keep_one,atp/atp_matches_1970.csv,1108,90cf7f19c9daa830c64c9c1ddc2703d63d3802920ca093bcd7ba8e63d5698a90,100141,109835,False
rating-history-sensitivities-v1,4311422e5e3f4524edf8dfac87f385cc1ec4db2b7fa458dd6152bc71eabd20d0,ATP,1970,1970-07-27,indianapolis,R32,100141,109835,2,False,2,False,excluded_group_member,True,,excluded_by_keep_one,atp/atp_matches_1970.csv,2704,423331569b73cac4647acf997e5c0aa6d3fb1e000458fb1a46e0c397ffac64af,100141,109835,False
rating-history-sensitivities-v1,8095b6b27201e02ae9526eb913776b9f9bfde013a945d55c16d37447f737cece,ATP,1970,1970-07-27,indianapolis,R64,100018,100067,2,False,1,True,selected_representative,True,,updates_state_under_keep_one,atp/atp_matches_1970.csv,1075,25017cb6406900be31e00bcfbf6db2639f39985ecaacf83a5f0b2e891b09459a,100067,100018,False
rating-history-sensitivities-v1,8095b6b27201e02ae9526eb913776b9f9bfde013a945d55c16d37447f737cece,ATP,1970,1970-07-27,indianapolis,R64,100018,100067,2,False,2,False,excluded_group_member,True,,excluded_by_keep_one,atp/atp_matches_1970.csv,2738,cf23d527d0b881cec87c0aa95e74d33c8e103672804e3cbb392c4429e40b1ad4,100067,100018,False
rating-history-sensitivities-v1,b26ea23020f678f292fb9e1d338aacebeca21bc82266b464d8a99c99ead8dea6,ATP,1970,1970-07-27,indianapolis,R64,100035,100155,2,False,1,True,selected_representative,True,,updates_state_under_keep_one,atp/atp_matches_1970.csv,1080,c68d640309b84a54c1dd9171a167060bb7a1b6d3a91db158feb773109c029028,100035,100155,False
rating-history-sensitivities-v1,b26ea23020f678f292fb9e1d338aacebeca21bc82266b464d8a99c99ead8dea6,ATP,1970,1970-07-27,indianapolis,R64,100035,100155,2,False,2,False,excluded_group_member,True,,excluded_by_keep_one,atp/atp_matches_1970.csv,2748,dcc22829d998993ddf30243b6a325754e127d13c55e36635237804baea414ffb,100035,100155,False
rating-history-sensitivities-v1,e0f942ed493c35fb7bd62914b55e009f60c87b94810eebf6f45818f227fdd5fe,ATP,1970,1970-07-27,indianapolis,R64,100040,109938,2,False,1,True,selected_representative,True,,updates_state_under_keep_one,atp/atp_matches_1970.csv,1097,3da56827491de4520850e0409c3fd2941768de51e7758e25a81822a21b8a6f81,100040,109938,False
rating-history-sensitivities-v1,e0f942ed493c35fb7bd62914b55e009f60c87b94810eebf6f45818f227fdd5fe,ATP,1970,1970-07-27,indianapolis,R64,100040,109938,2,False,2,False,excluded_group_member,True,,excluded_by_keep_one,atp/atp_matches_1970.csv,2732,58fa05dbe20c56f230af6b72739a6b701db55163660cdf9cf583e2daf40e9bbc,100040,109938,False
rating-history-sensitivities-v1,663311685b9ab18bd9dbeccc892c9a9557f374bf7979e43705a6778ece466206,ATP,1970,1970-07-27,indianapolis,R64,100047,100182,2,False,1,True,selected_representative,True,,updates_state_under_keep_one,atp/atp_matches_1970.csv,1076,eb0979f31c0a3930ab59843c3a87a83fff96da62beff4d4ea2bf1c90e94c7b11,100047,100182,False
rating-history-sensitivities-v1,663311685b9ab18bd9dbeccc892c9a9557f374bf7979e43705a6778ece466206,ATP,1970,1970-07-27,indianapolis,R64,100047,100182,2,False,2,False,excluded_group_member,True,,excluded_by_keep_one,atp/atp_matches_1970.csv,2724,c3793ddf4e9ecbc912cd81d7cb2ad57f9e02f497810337381cee7fec7d109d88,100047,100182,False
rating-history-sensitivities-v1,833d60506d2e502c8c6d53277740e75c2e6a1943f76a05e4d617e1dd2b4342a3,ATP,1970,1970-07-27,indianapolis,R64,100049,109811,2,False,1,True,selected_representative,True,,updates_state_under_keep_one,atp/atp_matches_1970.csv,1079,28590f9f7e98adf093c94975417319bfe6e9c222bf0b3827292891d6916cee49,100049,109811,False
rating-history-sensitivities-v1,833d60506d2e502c8c6d53277740e75c2e6a1943f76a05e4d617e1dd2b4342a3,ATP,1970,1970-07-27,indianapolis,R64,100049,109811,2,False,2,False,excluded_group_member,True,,excluded_by_keep_one,atp/atp_matches_1970.csv,2737,fdfb849d6143e9c8dda88c1af4c0c682ee85de561d2b53e616f056d4f1fd38d3,100049,109811,False
rating-history-sensitivities-v1,e620911ae02f833c2a2ff430fce2aa79fa9a9fc31b795561d59d5997262b341c,ATP,1970,1970-07-27,indianapolis,R64,100061,109927,2,False,1,True,selected_representative,True,,updates_state_under_keep_one,atp/atp_matches_1970.csv,1081,b06fca41d44f22df00e93cd1deba52eb9f95facb16fd2e2835b0920a7bf291ed,109927,100061,False
rating-history-sensitivities-v1,e620911ae02f833c2a2ff430fce2aa79fa9a9fc31b795561d59d5997262b341c,ATP,1970,1970-07-27,indianapolis,R64,100061,109927,2,False,2,False,excluded_group_member,True,,excluded_by_keep_one,atp/atp_matches_1970.csv,2733,7e35015342cc5cc6b5e465871ea62b2f1f962bae04d56580d8f2964a17d5a449,109927,100061,False
rating-history-sensitivities-v1,fc0e6552da339989c88d931b932879b8a1978168b9acf570ad8252246151c4db,ATP,1970,1970-07-27,indianapolis,R64,100063,100111,2,False,1,True,selected_representative,True,,updates_state_under_keep_one,atp/atp_matches_1970.csv,1099,e60d35451f3737a48c3c035981b3bcd4a5e1cf2e4d80b0351cc67b0b19a229ec,100111,100063,False
rating-history-sensitivities-v1,fc0e6552da339989c88d931b932879b8a1978168b9acf570ad8252246151c4db,ATP,1970,1970-07-27,indianapolis,R64,100063,100111,2,False,2,False,excluded_group_member,True,,excluded_by_keep_one,atp/atp_matches_1970.csv,2734,fbc832e2c347b3185afaf119a9d4557dab4cd2e99a3071be00834b46fc6271e1,100111,100063,False
rating-history-sensitivities-v1,07dbc5be98099607c98b46ed93a975ab546f3fb9bb07f1fba8c5850b82872236,ATP,1970,1970-07-27,indianapolis,R64,100066,100150,2,False,1,True,selected_representative,True,,updates_state_under_keep_one,atp/atp_matches_1970.csv,1090,78d7534f8d62f26cad5d5b162ae08a5e18b813cc3b5ab31b8b79004fd99a805f,100066,100150,False
rating-history-sensitivities-v1,07dbc5be98099607c98b46ed93a975ab546f3fb9bb07f1fba8c5850b82872236,ATP,1970,1970-07-27,indianapolis,R64,100066,100150,2,False,2,False,excluded_group_member,True,,excluded_by_keep_one,atp/atp_matches_1970.csv,2730,002c7f3b90b5e515fed809f90706116b1631b2afbc154e875909382a07dab8c0,100066,100150,False
rating-history-sensitivities-v1,fcd83260933257697b0f4e5ae8c222dc6cb7718220ccae3cb7f55e4ae4533bc8,ATP,1970,1970-07-27,indianapolis,R64,100074,100163,2,False,1,True,selected_representative,True,,updates_state_under_keep_one,atp/atp_matches_1970.csv,1092,d6008cd65635abdc9cf4a3ac82c3bbaa1755d7dd5411324d459c933e63f7842d,100074,100163,False
rating-history-sensitivities-v1,fcd83260933257697b0f4e5ae8c222dc6cb7718220ccae3cb7f55e4ae4533bc8,ATP,1970,1970-07-27,indianapolis,R64,100074,100163,2,False,2,False,excluded_group_member,True,,excluded_by_keep_one,atp/atp_matches_1970.csv,2722,72a1deae63b18e2fa6b03466441c04ba9de21b7ed390466c4fd736f684f0f30b,100074,100163,False
rating-history-sensitivities-v1,5ca1a57c9b0be55dd82282434e91ef72e07bb417eb8aba37e4243c0531170502,ATP,1970,1970-07-27,indianapolis,R64,100076,100126,2,False,1,True,selected_representative,True,,updates_state_under_keep_one,atp/atp_matches_1970.csv,1100,b016bb594faf208beaa2d969314faf2925ebdf7bca1c093bf8eb92332727cf0d,100126,100076,False
rating-history-sensitivities-v1,5ca1a57c9b0be55dd82282434e91ef72e07bb417eb8aba37e4243c0531170502,ATP,1970,1970-07-27,indianapolis,R64,100076,100126,2,False,2,False,excluded_group_member,True,,excluded_by_keep_one,atp/atp_matches_1970.csv,2718,8c39f8893963fabe7f35baff978ab03772cd5bcb1945a332b639197fe9cfb5e0,100126,100076,False
rating-history-sensitivities-v1,0e215b00857462ce0d3f3be5b55a3b5ac4fc764ffb61836a4a1fb320cfbaa8e3,ATP,1970,1970-07-27,indianapolis,R64,100078,100125,2,False,1,True,selected_representative,True,,updates_state_under_keep_one,atp/atp_matches_1970.csv,1077,0354cc55b17213806c88bddeaff56647dfed7baae379ebb1e11a009dd97b8d73,100078,100125,False
rating-history-sensitivities-v1,0e215b00857462ce0d3f3be5b55a3b5ac4fc764ffb61836a4a1fb320cfbaa8e3,ATP,1970,1970-07-27,indianapolis,R64,100078,100125,2,False,2,False,excluded_group_member,True,,excluded_by_keep_one,atp/atp_matches_1970.csv,2721,cdeea7580e6c2c066b1441b131b4baa4155a974caf8dbaf89f0c5ad27129f8a0,100078,100125,False
rating-history-sensitivities-v1,25f65e51303ea6cb43a2f14a404d529838ab4b6d34ba604df52a95d1c46a38fa,ATP,1970,1970-07-27,indianapolis,R64,100081,100217,2,False,1,True,selected_representative,True,,updates_state_under_keep_one,atp/atp_matches_1970.csv,1088,b2a988a55c0e365e9d1852601b4e660db45017a8e3f764029794906af37264ef,100081,100217,False
rating-history-sensitivities-v1,25f65e51303ea6cb43a2f14a404d529838ab4b6d34ba604df52a95d1c46a38fa,ATP,1970,1970-07-27,indianapolis,R64,100081,100217,2,False,2,False,excluded_group_member,True,,excluded_by_keep_one,atp/atp_matches_1970.csv,2741,1b32e17f835fca39836f1998ed8464018eddf68681330b5ef3cddc18ad699526,100081,100217,False
rating-history-sensitivities-v1,af581aa9521f2d7faf93560400e97a9206c7f0e79f7d0eaad9d6e187be491334,ATP,1970,1970-07-27,indianapolis,R64,100083,100160,2,False,1,True,selected_representative,True,,updates_state_under_keep_one,atp/atp_matches_1970.csv,1072,7fd5247e1e85c748ed1235baab0bc63edc567cf55ddc494984e1135047f8041c,100083,100160,False
rating-history-sensitivities-v1,af581aa9521f2d7faf93560400e97a9206c7f0e79f7d0eaad9d6e187be491334,ATP,1970,1970-07-27,indianapolis,R64,100083,100160,2,False,2,False,excluded_group_member,True,,excluded_by_keep_one,atp/atp_matches_1970.csv,2745,98941822fb7bbf336cba7e3d4d97cee5fd39d8ef6f0952f13ff01c2c04642cb7,100083,100160,False
rating-history-sensitivities-v1,f0f33a48db1d121f5786722d4f48868d56f4f6f50006ce48309a03628fda48dd,ATP,1970,1970-07-27,indianapolis,R64,100088,100094,2,False,1,True,selected_representative,True,,updates_state_under_keep_one,atp/atp_matches_1970.csv,1073,e7f7d3d28fa559aac0412ea1577cef734b9404bc69665f2325822d89f2e56ee0,100088,100094,False
rating-history-sensitivities-v1,f0f33a48db1d121f5786722d4f48868d56f4f6f50006ce48309a03628fda48dd,ATP,1970,1970-07-27,indianapolis,R64,100088,100094,2,False,2,False,excluded_group_member,True,,excluded_by_keep_one,atp/atp_matches_1970.csv,2727,7ebccc5fe0ebb4a038cabe1295fea5a7689d984d5ab43127f8de30b8b8076fe5,100088,100094,False
rating-history-sensitivities-v1,7d3f6574b55aecb7789dfcc022bca7c041e37e52bad3d152e287abab5c195440,ATP,1970,1970-07-27,indianapolis,R64,100090,107309,2,False,1,True,selected_representative,True,,updates_state_under_keep_one,atp/atp_matches_1970.csv,1089,42a30e1533638269c500a34fc055aa59a45c77be23e8b08accdf36c893f72f4f,107309,100090,False
rating-history-sensitivities-v1,7d3f6574b55aecb7789dfcc022bca7c041e37e52bad3d152e287abab5c195440,ATP,1970,1970-07-27,indianapolis,R64,100090,107309,2,False,2,False,excluded_group_member,True,,excluded_by_keep_one,atp/atp_matches_1970.csv,2742,23cc66108e8c6f02cf8c89f1aad134aa2cc2c83fb5a906532295a115f573200a,107309,100090,False
rating-history-sensitivities-v1,bab2f657ff411ff45dd2d2486d948d11880c06225bdce7d12b2758d498f7052e,ATP,1970,1970-07-27,indianapolis,R64,100096,100110,2,False,1,True,selected_representative,True,,updates_state_under_keep_one,atp/atp_matches_1970.csv,1091,e692cba507ee5430f3d90ec4d9d55d12d561f304b491769381a008d672de10cd,100110,100096,False
rating-history-sensitivities-v1,bab2f657ff411ff45dd2d2486d948d11880c06225bdce7d12b2758d498f7052e,ATP,1970,1970-07-27,indianapolis,R64,100096,100110,2,False,2,False,excluded_group_member,True,,excluded_by_keep_one,atp/atp_matches_1970.csv,2725,348ad4d81bc273e23cdbe6aa61f3bea5d2a577513fbf3e841418ae7e0ac3ef9d,100110,100096,False
rating-history-sensitivities-v1,b8e85525aafbe3182025afa18b2bf855c81d88d208724ff1581658b3da3532a1,ATP,1970,1970-07-27,indianapolis,R64,100101,100129,2,False,1,True,selected_representative,True,,updates_state_under_keep_one,atp/atp_matches_1970.csv,1082,51dfc5a5d5c0764fa908d2a04323d461e29906876e122f6b9b60b158d69d84bb,100101,100129,False
rating-history-sensitivities-v1,b8e85525aafbe3182025afa18b2bf855c81d88d208724ff1581658b3da3532a1,ATP,1970,1970-07-27,indianapolis,R64,100101,100129,2,False,2,False,excluded_group_member,True,,excluded_by_keep_one,atp/atp_matches_1970.csv,2726,bd1b4692174be834912bc0e504a2d5c401efd62d6b1bae273d98b8566baab9a4,100101,100129,False
rating-history-sensitivities-v1,9407cef8be68f4b92fc05a75ff2127de4b063d59fc522151d97abd7b859f2f21,ATP,1970,1970-07-27,indianapolis,R64,100102,100117,2,False,1,True,selected_representative,True,,updates_state_under_keep_one,atp/atp_matches_1970.csv,1071,39cbd06734e73b25fca18dddf92306c339a846d73f68fd70f45020afeb3234f9,100117,100102,False
rating-history-sensitivities-v1,9407cef8be68f4b92fc05a75ff2127de4b063d59fc522151d97abd7b859f2f21,ATP,1970,1970-07-27,indianapolis,R64,100102,100117,2,False,2,False,excluded_group_member,True,,excluded_by_keep_one,atp/atp_matches_1970.csv,2744,a4d3f106522e65819fc2f7651c46022c14d7aaf6c557cae93a403fbe373ca9f5,100117,100102,False
rating-history-sensitivities-v1,5254aa64368b2c25c8b575e61e75dff19c884c3541de1404b8f8c02afdc49dd3,ATP,1970,1970-07-27,indianapolis,R64,100105,100186,2,False,1,True,selected_representative,True,,updates_state_under_keep_one,atp/atp_matches_1970.csv,1087,2577d5ceda70db6cb3de24bdb6207d6d44ac2797fe652ad2b36e44cf6f850224,100105,100186,False
rating-history-sensitivities-v1,5254aa64368b2c25c8b575e61e75dff19c884c3541de1404b8f8c02afdc49dd3,ATP,1970,1970-07-27,indianapolis,R64,100105,100186,2,False,2,False,excluded_group_member,True,,excluded_by_keep_one,atp/atp_matches_1970.csv,2747,ddf268e25765235f0d99204f8ac7ee9bc9a4a3ea8e9a702b8fa9dfc9e97759b8,100105,100186,False
rating-history-sensitivities-v1,46668cced7174fd75474b833d05bf7a80710a88603c836094209ee0d4de30972,ATP,1970,1970-07-27,indianapolis,R64,100113,110039,2,False,1,True,selected_representative,True,,updates_state_under_keep_one,atp/atp_matches_1970.csv,1085,a58ca8e77aaab49205bb6bddf1025ab9de2d5bfa7a30d682dbd3104ff70a1905,100113,110039,False
rating-history-sensitivities-v1,46668cced7174fd75474b833d05bf7a80710a88603c836094209ee0d4de30972,ATP,1970,1970-07-27,indianapolis,R64,100113,110039,2,False,2,False,excluded_group_member,True,,excluded_by_keep_one,atp/atp_matches_1970.csv,2719,4de08d3b94f9ff610b787c42955d101a34f62f968770af28ee8402dabe6091e8,100113,110039,False
rating-history-sensitivities-v1,c5615517a546f11bf0e8ea9e01f97f21cb1b0aae50c501da7dd66efc2e6b78ac,ATP,1970,1970-07-27,indianapolis,R64,100114,100255,2,False,1,True,selected_representative,True,,updates_state_under_keep_one,atp/atp_matches_1970.csv,1070,67820ada8f0586e4b2013a29e30c760d016b6ee4dbb4f22fcab275c5f92db8a7,100114,100255,False
rating-history-sensitivities-v1,c5615517a546f11bf0e8ea9e01f97f21cb1b0aae50c501da7dd66efc2e6b78ac,ATP,1970,1970-07-27,indianapolis,R64,100114,100255,2,False,2,False,excluded_group_member,True,,excluded_by_keep_one,atp/atp_matches_1970.csv,2743,5bbe0e9347592161d6a51e1a894edca5d10949bfae15040ea0ebdbc09feac27e,100114,100255,False
rating-history-sensitivities-v1,7f9c477f79fcf5e1504cc517a26aa179aacc9ee4f736ead970412d665d3a429e,ATP,1970,1970-07-27,indianapolis,R64,100115,109881,2,False,1,True,selected_representative,True,,updates_state_under_keep_one,atp/atp_matches_1970.csv,1095,960fd00cf417629c2bb4dee3d8c5ce8f04cad1b3ea34ae9d318efc136b5cc953,100115,109881,False
rating-history-sensitivities-v1,7f9c477f79fcf5e1504cc517a26aa179aacc9ee4f736ead970412d665d3a429e,ATP,1970,1970-07-27,indianapolis,R64,100115,109881,2,False,2,False,excluded_group_member,True,,excluded_by_keep_one,atp/atp_matches_1970.csv,2729,d4f738160497c2617217486d1d27c666cf2eeae0f3b30e143814e29d4127ce19,100115,109881,False
rating-history-sensitivities-v1,9aa6fb774a9c655b579aa01d0c0c68b55df15a9839d2da8d01076c7b69869c9e,ATP,1970,1970-07-27,indianapolis,R64,100119,100216,2,False,1,True,selected_representative,False,walkover,excluded_by_base_rules,atp/atp_matches_1970.csv,1093,b28497242462b4469df84eea56101ab09c2f64b3a6176d308fd7ca6f7f2b9a31,100119,100216,False
rating-history-sensitivities-v1,9aa6fb774a9c655b579aa01d0c0c68b55df15a9839d2da8d01076c7b69869c9e,ATP,1970,1970-07-27,indianapolis,R64,100119,100216,2,False,2,False,excluded_group_member,False,walkover,excluded_by_base_rules_and_keep_one,atp/atp_matches_1970.csv,2723,54f4e28b421ab30e65702e79e77d8e05d6036161d49870a8143a3bf4af4c2375,100119,100216,False
rating-history-sensitivities-v1,79ef20cb4513516b0265cb0b57faeda62f8b1f183169bcb83b4129a1db0b6c6e,ATP,1970,1970-07-27,indianapolis,R64,100127,100162,2,False,1,True,selected_representative,True,,updates_state_under_keep_one,atp/atp_matches_1970.csv,1098,db28f0b4b4482fe0661fab321e57ae16107316128197fa91d82419bda946a88a,100162,100127,False
rating-history-sensitivities-v1,79ef20cb4513516b0265cb0b57faeda62f8b1f183169bcb83b4129a1db0b6c6e,ATP,1970,1970-07-27,indianapolis,R64,100127,100162,2,False,2,False,excluded_group_member,True,,excluded_by_keep_one,atp/atp_matches_1970.csv,2728,f4cad5b5de67281e6423a273c3a3c1c196ee12920a4cbe1af6698812f580f136,100162,100127,False
rating-history-sensitivities-v1,e0b61b4281da285f5360f4003477a14e20513de664bd8caa8cafdc1728477b5a,ATP,1970,1970-07-27,indianapolis,R64,100128,100205,2,False,1,True,selected_representative,True,,updates_state_under_keep_one,atp/atp_matches_1970.csv,1069,d5554ccf77685e269f27d0cba562b24c28fd55a0798a2e98c57abb623d5fd24d,100128,100205,False
rating-history-sensitivities-v1,e0b61b4281da285f5360f4003477a14e20513de664bd8caa8cafdc1728477b5a,ATP,1970,1970-07-27,indianapolis,R64,100128,100205,2,False,2,False,excluded_group_member,True,,excluded_by_keep_one,atp/atp_matches_1970.csv,2717,8bef37ac7ed1f19cfc9d9f2f1fb37a47327ccb18305bad6fe22a3e25e666b253,100128,100205,False
rating-history-sensitivities-v1,3f305792aaea1dc401746176116a6e70295b78b19a74db5b98ee89a8317dc314,ATP,1970,1970-07-27,indianapolis,R64,100134,107799,2,False,1,True,selected_representative,True,,updates_state_under_keep_one,atp/atp_matches_1970.csv,1096,c594d290720def64e0fdf2fe951422f4874574b5d076bba2e1c5aade8a2bc69b,107799,100134,False
rating-history-sensitivities-v1,3f305792aaea1dc401746176116a6e70295b78b19a74db5b98ee89a8317dc314,ATP,1970,1970-07-27,indianapolis,R64,100134,107799,2,False,2,False,excluded_group_member,True,,excluded_by_keep_one,atp/atp_matches_1970.csv,2739,9a178af21311580dc559c7b39607eb434a3ef65425f340580789c16d8f8926c9,107799,100134,False
rating-history-sensitivities-v1,cdc216a1e39f4f6dc0c69f48bd3211b1e3d87c3069e9fa34d09d01d8d5f03684,ATP,1970,1970-07-27,indianapolis,R64,100135,100212,2,False,1,True,selected_representative,True,,updates_state_under_keep_one,atp/atp_matches_1970.csv,1078,a6741de18b69d6cf47fb193818270e7505160a9ee1d131a9a2f0ee5eb096a58c,100135,100212,False
rating-history-sensitivities-v1,cdc216a1e39f4f6dc0c69f48bd3211b1e3d87c3069e9fa34d09d01d8d5f03684,ATP,1970,1970-07-27,indianapolis,R64,100135,100212,2,False,2,False,excluded_group_member,True,,excluded_by_keep_one,atp/atp_matches_1970.csv,2740,13c5a0ecba539859eb6d046cb29e486418d6444bd96868638090cbf67f17e700,100135,100212,False
rating-history-sensitivities-v1,f4cad1c080bdfc9fab9c59fa77fdf83246e84252e5c9cc3a18d00d1495ee56ac,ATP,1970,1970-07-27,indianapolis,R64,100141,100243,2,False,1,True,selected_representative,True,,updates_state_under_keep_one,atp/atp_matches_1970.csv,1084,4f4bf19272412849f14fd104a647c779d85355a745dc857d660326834f9ee49d,100141,100243,False
rating-history-sensitivities-v1,f4cad1c080bdfc9fab9c59fa77fdf83246e84252e5c9cc3a18d00d1495ee56ac,ATP,1970,1970-07-27,indianapolis,R64,100141,100243,2,False,2,False,excluded_group_member,True,,excluded_by_keep_one,atp/atp_matches_1970.csv,2720,eb8f4fed912474d96771e2fac6490eece8f7311cd7ea7da2c9560ba41d26a13e,100141,100243,False
rating-history-sensitivities-v1,544b251a7e89ae6850e697e41a24dc674d349babf81ea914e5006553bf41b16a,ATP,1970,1970-07-27,indianapolis,R64,100147,109764,2,False,1,True,selected_representative,True,,updates_state_under_keep_one,atp/atp_matches_1970.csv,1094,c9d14a766e9ded73605de9bd4b0698a5d6fb114945e0da3386c02f9239385e67,100147,109764,False
rating-history-sensitivities-v1,544b251a7e89ae6850e697e41a24dc674d349babf81ea914e5006553bf41b16a,ATP,1970,1970-07-27,indianapolis,R64,100147,109764,2,False,2,False,excluded_group_member,True,,excluded_by_keep_one,atp/atp_matches_1970.csv,2736,7a424b17310cc8c66019c1e3b295b9840745ef3cf7e14e36a20e03ceff6d7ae0,100147,109764,False
rating-history-sensitivities-v1,56c904421b6b37c17dbe999ad13fede40a0844301941bde0d2b7447a26e369e0,ATP,1970,1970-07-27,indianapolis,R64,100175,100229,2,False,1,True,selected_representative,True,,updates_state_under_keep_one,atp/atp_matches_1970.csv,1086,f6517d12d695cb67b62ba1f6589b8cd52818c578bdf87396b383ec5f2cab767f,100229,100175,False
rating-history-sensitivities-v1,56c904421b6b37c17dbe999ad13fede40a0844301941bde0d2b7447a26e369e0,ATP,1970,1970-07-27,indianapolis,R64,100175,100229,2,False,2,False,excluded_group_member,True,,excluded_by_keep_one,atp/atp_matches_1970.csv,2746,6d2c3a38a500024fa24a2a3ffaa4c8eeb9cd5a71989114c872775ce4c37a054d,100229,100175,False
rating-history-sensitivities-v1,58753891baa6844588a24c9f8ae2d6ca5a2323a1ab0f81a05f0f494f0762c9a6,ATP,1970,1970-07-27,indianapolis,R64,100231,109835,2,False,1,True,selected_representative,True,,updates_state_under_keep_one,atp/atp_matches_1970.csv,1083,70d29ad936d1d49a54264bddab5fd73b198511940b93b08dc957f41b30abc556,109835,100231,False
rating-history-sensitivities-v1,58753891baa6844588a24c9f8ae2d6ca5a2323a1ab0f81a05f0f494f0762c9a6,ATP,1970,1970-07-27,indianapolis,R64,100231,109835,2,False,2,False,excluded_group_member,True,,excluded_by_keep_one,atp/atp_matches_1970.csv,2731,f5043256aa750499c7d7a491a25aa3e2eccfdc6d5224ae2e018c4a6e64ce82a7,109835,100231,False
rating-history-sensitivities-v1,de76c183a84a1d91a66fbe237b8c5c0d9e5a1fbd4d49219422a83ecef372e100,ATP,1970,1970-07-27,indianapolis,R64,109749,117315,2,False,1,True,selected_representative,True,,updates_state_under_keep_one,atp/atp_matches_1970.csv,1074,1c0ec259bf6109a28f9b0a225834f631d19f3fcad27eaa24387be3b27ca7eeb8,117315,109749,False
rating-history-sensitivities-v1,de76c183a84a1d91a66fbe237b8c5c0d9e5a1fbd4d49219422a83ecef372e100,ATP,1970,1970-07-27,indianapolis,R64,109749,117315,2,False,2,False,excluded_group_member,True,,excluded_by_keep_one,atp/atp_matches_1970.csv,2735,bb512af79e493dd65f9fda106ad1b974fffe399619c10c6bf8b490e38eb62268,117315,109749,False
rating-history-sensitivities-v1,d7307fe979f46ad62e329716fc19e29d0aec00c19b05d21dfb9efef9aa920906,ATP,1970,1970-07-27,indianapolis,SF,100074,100126,2,False,1,True,selected_representative,True,,updates_state_under_keep_one,atp/atp_matches_1970.csv,1130,263828cfdbded7252a86a69c043eac6eb72573e7614c6512728edeb920f220ff,100126,100074,False
rating-history-sensitivities-v1,d7307fe979f46ad62e329716fc19e29d0aec00c19b05d21dfb9efef9aa920906,ATP,1970,1970-07-27,indianapolis,SF,100074,100126,2,False,2,False,excluded_group_member,True,,excluded_by_keep_one,atp/atp_matches_1970.csv,2688,c7be3b35c1a07156c242fa1c2a106cb0d26eb04c89a42bfbe6659f93fe8ac69f,100126,100074,False
rating-history-sensitivities-v1,6b499d0a17a7811c2c5f9eb24563080b0bed5dbbbc99f04e828c28e8d9601c6c,ATP,1970,1970-07-27,indianapolis,SF,100128,100141,2,False,1,True,selected_representative,True,,updates_state_under_keep_one,atp/atp_matches_1970.csv,1129,b5a2b285bf14ff41502ab38232b095124cbba780fbfc0f3f1ec0ca58bb03adc4,100128,100141,False
rating-history-sensitivities-v1,6b499d0a17a7811c2c5f9eb24563080b0bed5dbbbc99f04e828c28e8d9601c6c,ATP,1970,1970-07-27,indianapolis,SF,100128,100141,2,False,2,False,excluded_group_member,True,,excluded_by_keep_one,atp/atp_matches_1970.csv,2687,852319c5fd85c728bc995c7be1c305fc51f234cb93a38ca5f26614373dd070e0,100128,100141,False
rating-history-sensitivities-v1,4450edafb30edd4fddcff66d6402b106c72c93721b6dbba513e083fc425dc060,ATP,1970,1970-08-26,newport 2,RR,100022,100060,2,False,1,True,selected_representative,True,,updates_state_under_keep_one,atp/atp_matches_1970.csv,2987,608bf008cb791d074e02964ba12411ec6e4216d54ecf4719aa7b3cbecf279bb3,100060,100022,False
rating-history-sensitivities-v1,4450edafb30edd4fddcff66d6402b106c72c93721b6dbba513e083fc425dc060,ATP,1970,1970-08-26,newport 2,RR,100022,100060,2,False,2,False,excluded_group_member,True,,excluded_by_keep_one,atp/atp_matches_1970.csv,2990,cccec45e02c6746e5a9140b16bc43a873dfef8c136f90294294fe992893090aa,100060,100022,False
rating-history-sensitivities-v1,134460bc2ca0dfbd24b3e8027ddc47961af6a7dac4fcca0885ffb053d3ff2dda,ATP,1970,1970-08-26,newport 2,RR,100058,100073,2,False,1,True,selected_representative,True,,updates_state_under_keep_one,atp/atp_matches_1970.csv,2986,710ba27903bb9e40614d0ce98cab7c1bf01117aac247d7cef1e55cd3a850740f,100073,100058,False
rating-history-sensitivities-v1,134460bc2ca0dfbd24b3e8027ddc47961af6a7dac4fcca0885ffb053d3ff2dda,ATP,1970,1970-08-26,newport 2,RR,100058,100073,2,False,2,False,excluded_group_member,True,,excluded_by_keep_one,atp/atp_matches_1970.csv,2993,3ad85a12335bbad9fe73426091d7a42f9184b200607b1b4031625a78bb202b14,100073,100058,False
rating-history-sensitivities-v1,bfa4761c75e410feefe68192fae1efb11d5aa99574a3dcc05a0e331ab34c2573,ATP,1971,1971-03-19,champions classic,RR,100022,100029,2,False,1,True,selected_representative,True,,updates_state_under_keep_one,atp/atp_matches_1971.csv,3454,69ac413eb7bf08e7db29bfd73fed322f4d5cee408b8cbefb02b26234831154f4,100029,100022,False
rating-history-sensitivities-v1,bfa4761c75e410feefe68192fae1efb11d5aa99574a3dcc05a0e331ab34c2573,ATP,1971,1971-03-19,champions classic,RR,100022,100029,2,False,2,False,excluded_group_member,True,,excluded_by_keep_one,atp/atp_matches_1971.csv,3460,6876781a311a84e5ec04c1ac11b389f13d1b18b7f1a6120075af9b9940c3a0ff,100029,100022,False
rating-history-sensitivities-v1,598a0db95dd5099fef4ee31882ae16d292ff20d9d4337a34eab65e16cc7d193f,ATP,1971,1971-03-19,champions classic,RR,100029,100074,2,False,1,True,selected_representative,True,,updates_state_under_keep_one,atp/atp_matches_1971.csv,3453,768fa01f62ced0674dcfc9ee707db093ed9751f52ba37e52b73893085b112c52,100029,100074,False
rating-history-sensitivities-v1,598a0db95dd5099fef4ee31882ae16d292ff20d9d4337a34eab65e16cc7d193f,ATP,1971,1971-03-19,champions classic,RR,100029,100074,2,False,2,False,excluded_group_member,True,,excluded_by_keep_one,atp/atp_matches_1971.csv,3459,b672add74590023532bce69d2265d6d9bacf3e85077811eb33c1bd1b9f858aa5,100029,100074,False
rating-history-sensitivities-v1,e8e20a821fd218845e81a36a05488adddd99b8e59fdf8e5860f371545670b2d6,ATP,1971,1971-03-19,champions classic,RR,100029,100084,2,False,1,True,selected_representative,True,,updates_state_under_keep_one,atp/atp_matches_1971.csv,3455,1ede347bd9d074b4d39b3d110063a0410bc451e84dca0cd51a7f194f85b3838c,100029,100084,False
rating-history-sensitivities-v1,e8e20a821fd218845e81a36a05488adddd99b8e59fdf8e5860f371545670b2d6,ATP,1971,1971-03-19,champions classic,RR,100029,100084,2,False,2,False,excluded_group_member,True,,excluded_by_keep_one,atp/atp_matches_1971.csv,3458,9089a105dfcc0eec11ba5776526ae97f44a7475226d740f372362587828bde92,100029,100084,False
rating-history-sensitivities-v1,f2023feac182b326aa15d3ea8be4adde34f8c03e5883a4ac5a4122dd748abd8c,ATP,1971,1971-04-21,denver,RR,100011,100244,2,False,1,True,selected_representative,False,unsupported_format,excluded_by_base_rules,atp/atp_matches_1971.csv,1186,ad0095cc90694dc470a24536db76d3225b377205bc56a71206076d4b516d5ed0,100244,100011,False
rating-history-sensitivities-v1,f2023feac182b326aa15d3ea8be4adde34f8c03e5883a4ac5a4122dd748abd8c,ATP,1971,1971-04-21,denver,RR,100011,100244,2,False,2,False,excluded_group_member,False,unsupported_format,excluded_by_base_rules_and_keep_one,atp/atp_matches_1971.csv,1190,0bcff626bb2c6d27fb158e46b41f9976aa69d36b5db66288b78278d4f0491ec8,100244,100011,False
rating-history-sensitivities-v1,d6370d7df3c793a438ec2acbaa225f4cc8ec92c6d791c210e8f6924c148f3e48,ATP,1971,1971-04-21,denver,RR,100148,100244,2,False,1,True,selected_representative,False,unsupported_format,excluded_by_base_rules,atp/atp_matches_1971.csv,1187,10352568524bd73bd621b4bed6807128e1547ff97cd899dbe57b2ce640ba4e28,100244,100148,False
rating-history-sensitivities-v1,d6370d7df3c793a438ec2acbaa225f4cc8ec92c6d791c210e8f6924c148f3e48,ATP,1971,1971-04-21,denver,RR,100148,100244,2,False,2,False,excluded_group_member,False,unsupported_format,excluded_by_base_rules_and_keep_one,atp/atp_matches_1971.csv,1191,b4b3654241afd06f4705bdd78f8e5e1ffad51e98b6d072dd490c75a77e9327dc,100244,100148,False
rating-history-sensitivities-v1,52ff160ce9fdcd2e9ca44491f7f6579cf5d300511ffb4d5d792ca6640dba159d,ATP,1984,1984-01-13,davis cup g1 r1: chn vs sri,RR,106580,110881,2,True,1,True,selected_representative,True,,updates_state_under_keep_one,atp/atp_matches_1984.csv,3093,402b4b4935a4c3a068c4cc4d7580bfef3f608497f08e61a18f364bf6be166142,110881,106580,False
rating-history-sensitivities-v1,52ff160ce9fdcd2e9ca44491f7f6579cf5d300511ffb4d5d792ca6640dba159d,ATP,1984,1984-01-13,davis cup g1 r1: chn vs sri,RR,106580,110881,2,True,2,False,excluded_group_member,True,,excluded_by_keep_one,atp/atp_matches_1984.csv,3095,5d88daf477fa180f3d409d0c553315fb05d88ee512f6d832f6c637d328a8b4c0,106580,110881,False
rating-history-sensitivities-v1,e2560eb88a38acfcfb53024e90f8809220f775d5771e51162862a1b1b24b877c,ATP,2024,2024-09-13,davis cup wg1 r1: aut vs tur,RR,117356,209903,2,False,1,True,selected_representative,True,,updates_state_under_keep_one,atp/atp_matches_2024.csv,2920,131dc0f752f0c0006979e9c4eef38796bc376a65fc63633a21d47ecd782a83fb,209903,117356,False
rating-history-sensitivities-v1,e2560eb88a38acfcfb53024e90f8809220f775d5771e51162862a1b1b24b877c,ATP,2024,2024-09-13,davis cup wg1 r1: aut vs tur,RR,117356,209903,2,False,2,False,excluded_group_member,True,,excluded_by_keep_one,atp/atp_matches_2024.csv,2921,089258277ae35985bad0dc32ef3a8a1ab5cc2152f1b84f3aaf17da5eba3ee2a3,209903,117356,False
rating-history-sensitivities-v1,9d6dd8d458a5bc8107de0dcfb0c5a689b1c109b4a4b284505e93337157486e38,ATP,2025,2025-09-13,davis cup wg2 r1: esa vs rou,RR,211570,212244,2,False,1,True,selected_representative,True,,updates_state_under_keep_one,atp/atp_matches_2025.csv,2866,d126b4668f92f8fc73521378b1c94bcb3c8d727c3e1eb700f0ac8ee9cfb5edf2,212244,211570,False
rating-history-sensitivities-v1,9d6dd8d458a5bc8107de0dcfb0c5a689b1c109b4a4b284505e93337157486e38,ATP,2025,2025-09-13,davis cup wg2 r1: esa vs rou,RR,211570,212244,2,False,2,False,excluded_group_member,True,,excluded_by_keep_one,atp/atp_matches_2025.csv,2867,b93145cfb9f49f4113396543144177338d886af664920058e073404dd10af840,212244,211570,False
rating-history-sensitivities-v1,0c03180e115cd6e758b5692ab742092caf0103a8132dd793236766479ef1d4b1,WTA,1973,1973-05-28,surbiton,R32,200208,201162,2,False,1,True,selected_representative,True,,updates_state_under_keep_one,wta/wta_matches_1973.csv,2305,1da6555841539a2ed6a28cabcb7962d597f3c0fbde1cfb1ce562d18656fd2e8e,200208,201162,False
rating-history-sensitivities-v1,0c03180e115cd6e758b5692ab742092caf0103a8132dd793236766479ef1d4b1,WTA,1973,1973-05-28,surbiton,R32,200208,201162,2,False,2,False,excluded_group_member,True,,excluded_by_keep_one,wta/wta_matches_1973.csv,2308,7630fb8a636aeed52f24b4c32eec1be26de10bc2d5b77daf7532fd1abd2734ac,200208,201162,False
rating-history-sensitivities-v1,4e65809fde09a4a1b654686910c224538e2745069851869a7ee35029366a93b3,WTA,1973,1973-05-28,surbiton,R32,200275,200286,2,False,1,True,selected_representative,True,,updates_state_under_keep_one,wta/wta_matches_1973.csv,2306,9b2962d712ea5f5a792b273afb4b9518e8a9058f05d6511dc04090859ed2efc6,200275,200286,False
rating-history-sensitivities-v1,4e65809fde09a4a1b654686910c224538e2745069851869a7ee35029366a93b3,WTA,1973,1973-05-28,surbiton,R32,200275,200286,2,False,2,False,excluded_group_member,True,,excluded_by_keep_one,wta/wta_matches_1973.csv,2309,0a22e67938ca5ca1234cfbad444663dc967e2391914229296d1243ae2e1d7ae5,200275,200286,False
rating-history-sensitivities-v1,72045c3d5fc5e110456db8a58a4b13c31a1c2600379551a29ad6503666a96f4b,WTA,1981,1981-11-17,johannesburg indoors,RR,200237,200365,2,False,1,True,selected_representative,True,,updates_state_under_keep_one,wta/wta_matches_1981.csv,3439,2af7d96b23ea3108588594c124d88750736ce5fc06a2a1dcd1b15c8216b6fb5f,200237,200365,False
rating-history-sensitivities-v1,72045c3d5fc5e110456db8a58a4b13c31a1c2600379551a29ad6503666a96f4b,WTA,1981,1981-11-17,johannesburg indoors,RR,200237,200365,2,False,2,False,excluded_group_member,True,,excluded_by_keep_one,wta/wta_matches_1981.csv,3449,83cfa76d07df2f5c80f6bac6bc3a9f32357d1012efa8a9879e9ef623349d11f0,200237,200365,False
rating-history-sensitivities-v1,1b1da95b694c2ef6ad8b16db0d7971502f2baff852b6c6f70d8253dd6f9853a2,WTA,1981,1981-11-17,johannesburg indoors,RR,200237,200585,2,False,1,True,selected_representative,True,,updates_state_under_keep_one,wta/wta_matches_1981.csv,3441,7a9a1f3d6e27651155f47289387279481b8f607efce35551879fa206af919bc2,200585,200237,False
rating-history-sensitivities-v1,1b1da95b694c2ef6ad8b16db0d7971502f2baff852b6c6f70d8253dd6f9853a2,WTA,1981,1981-11-17,johannesburg indoors,RR,200237,200585,2,False,2,False,excluded_group_member,True,,excluded_by_keep_one,wta/wta_matches_1981.csv,3451,2344287f24c5b2ff20a5416a0aac0babff3ed72133cdaa685226cde5028eb00b,200585,200237,False
rating-history-sensitivities-v1,75f314093455b2bead33bc0b05c47458da30a884ffb252473550d0e0c8ecf5d0,WTA,1981,1981-11-17,johannesburg indoors,RR,200237,201018,2,False,1,True,selected_representative,True,,updates_state_under_keep_one,wta/wta_matches_1981.csv,3440,fec7301b64f387a8fd365e46c5a82e6b14d047073d435c86511cd8a89319bb27,200237,201018,False
rating-history-sensitivities-v1,75f314093455b2bead33bc0b05c47458da30a884ffb252473550d0e0c8ecf5d0,WTA,1981,1981-11-17,johannesburg indoors,RR,200237,201018,2,False,2,False,excluded_group_member,True,,excluded_by_keep_one,wta/wta_matches_1981.csv,3450,fa2e03b857cbf770e30dd35ac5885eda7ad04a117e9015dce697c5c7105bbc1b,200237,201018,False
rating-history-sensitivities-v1,32205ec1a4f68445bf0a567a0497f36099770146f7fefb3db8088fb8c66ba6fc,WTA,1981,1981-11-17,johannesburg indoors,RR,200357,200419,2,False,1,True,selected_representative,True,,updates_state_under_keep_one,wta/wta_matches_1981.csv,3435,ecd22a7ef8be0ef27ac83b564aede0f4cb18502a66cdf036010ad1d4865a35d0,200357,200419,False
rating-history-sensitivities-v1,32205ec1a4f68445bf0a567a0497f36099770146f7fefb3db8088fb8c66ba6fc,WTA,1981,1981-11-17,johannesburg indoors,RR,200357,200419,2,False,2,False,excluded_group_member,True,,excluded_by_keep_one,wta/wta_matches_1981.csv,3445,0bf7054f4fca2bf14b2d1e236f8037234e0e4b0add312a2264765d3a8d59e06c,200357,200419,False
rating-history-sensitivities-v1,cbd9a3dbe3bc1a87b2a846aeeda903885ecd6f86c9e537379e437f46bc9d4947,WTA,1981,1981-11-17,johannesburg indoors,RR,200357,200533,2,False,1,True,selected_representative,True,,updates_state_under_keep_one,wta/wta_matches_1981.csv,3433,1b1e15e8f3a806ce4f98377e6ef8902bb867fd54e5693c216a456d199209c77f,200533,200357,False
rating-history-sensitivities-v1,cbd9a3dbe3bc1a87b2a846aeeda903885ecd6f86c9e537379e437f46bc9d4947,WTA,1981,1981-11-17,johannesburg indoors,RR,200357,200533,2,False,2,False,excluded_group_member,True,,excluded_by_keep_one,wta/wta_matches_1981.csv,3443,1b7e73888807c5dcade79dbc007c0508c80e0099338fcbb86027514e5edcc184,200533,200357,False
rating-history-sensitivities-v1,2dbbaf43147dba2d036a2e4415f568194278fc4053f732f314b7e5f2854a5bf1,WTA,1981,1981-11-17,johannesburg indoors,RR,200365,201018,2,False,1,True,selected_representative,True,,updates_state_under_keep_one,wta/wta_matches_1981.csv,3442,d4411ec73131d2cce40b269a785760e3af95f55e9f745181b09f9ef5b532a008,200365,201018,False
rating-history-sensitivities-v1,2dbbaf43147dba2d036a2e4415f568194278fc4053f732f314b7e5f2854a5bf1,WTA,1981,1981-11-17,johannesburg indoors,RR,200365,201018,2,False,2,False,excluded_group_member,True,,excluded_by_keep_one,wta/wta_matches_1981.csv,3452,251f692ee0490005fbddad102a7b403e2eb587e5bdcbde5748505ff54ce1f9e6,200365,201018,False
rating-history-sensitivities-v1,941f8eceb682abda8b37de95f606be6167dfb2cdd1b2cc11eb5519187a9f2fd2,WTA,1981,1981-11-17,johannesburg indoors,RR,200419,200533,2,False,1,True,selected_representative,True,,updates_state_under_keep_one,wta/wta_matches_1981.csv,3437,d02464f2442eb43148d7480698867053e2e66c6401c4436ac9a4fc16b8e48f73,200419,200533,False
rating-history-sensitivities-v1,941f8eceb682abda8b37de95f606be6167dfb2cdd1b2cc11eb5519187a9f2fd2,WTA,1981,1981-11-17,johannesburg indoors,RR,200419,200533,2,False,2,False,excluded_group_member,True,,excluded_by_keep_one,wta/wta_matches_1981.csv,3447,4ace958215ec6265b7c4c1d67e03d948d12833a83a906b8344428bdddcb31be6,200419,200533,False
rating-history-sensitivities-v1,bbbc43e164ee52dd783590e24decd10f124b2f04bbdd080abafbe7d64f600a91,WTA,1981,1981-11-17,johannesburg indoors,RR,200419,200983,2,False,1,True,selected_representative,True,,updates_state_under_keep_one,wta/wta_matches_1981.csv,3434,d49087cf68cfacfd101000e6e876b7bb843fb3355b9ebef588266338e84f5066,200419,200983,False
rating-history-sensitivities-v1,bbbc43e164ee52dd783590e24decd10f124b2f04bbdd080abafbe7d64f600a91,WTA,1981,1981-11-17,johannesburg indoors,RR,200419,200983,2,False,2,False,excluded_group_member,True,,excluded_by_keep_one,wta/wta_matches_1981.csv,3444,e114f3d0c6cfcff315358db764b1534a13be1c794dcfd4e4612b22f022a3dc05,200419,200983,False
rating-history-sensitivities-v1,303d525688b8326b380cb1103654e7a51c541eb30a7734b42d4af35dd9b1c4e5,WTA,1981,1981-11-17,johannesburg indoors,RR,200533,200983,2,False,1,True,selected_representative,True,,updates_state_under_keep_one,wta/wta_matches_1981.csv,3436,a43aad7af96ed4d1b4f02433738942958daea3a1153a6ea84a639ec22d26252a,200533,200983,False
rating-history-sensitivities-v1,303d525688b8326b380cb1103654e7a51c541eb30a7734b42d4af35dd9b1c4e5,WTA,1981,1981-11-17,johannesburg indoors,RR,200533,200983,2,False,2,False,excluded_group_member,True,,excluded_by_keep_one,wta/wta_matches_1981.csv,3446,d65b7947d30a26fcaff756941130779ba83a9e34c19b7f8f1cc84ae2f9203abe,200533,200983,False
rating-history-sensitivities-v1,5eab1360f15ab87a650e6f045cb6ab5c218d3dd9b96fc90baae6fe8dc81d5018,WTA,1981,1981-11-17,johannesburg indoors,RR,200585,201018,2,False,1,True,selected_representative,True,,updates_state_under_keep_one,wta/wta_matches_1981.csv,3438,ba6e8fa612668dda29aeddd7c06d6b73cd21c2c6ad23cc0bc7039393a2e8f56b,200585,201018,False
rating-history-sensitivities-v1,5eab1360f15ab87a650e6f045cb6ab5c218d3dd9b96fc90baae6fe8dc81d5018,WTA,1981,1981-11-17,johannesburg indoors,RR,200585,201018,2,False,2,False,excluded_group_member,True,,excluded_by_keep_one,wta/wta_matches_1981.csv,3448,4111af5a7a8dcd209f477f3f45c5812af08163f27440518597d4d63b948d46bd,200585,201018,False
rating-history-sensitivities-v1,c85d58ad936ede26fd560d5f8fdf303ee0626253fe90fff188c2e0092be98b56,WTA,1990,1990-05-01,taranto,F,200021,200422,2,False,1,True,selected_representative,True,,updates_state_under_keep_one,wta/wta_matches_1990.csv,2227,eb9387afea881a04d6adebf17c4f16927f92556493e0bac8d577b6425420d2c0,200422,200021,False
rating-history-sensitivities-v1,c85d58ad936ede26fd560d5f8fdf303ee0626253fe90fff188c2e0092be98b56,WTA,1990,1990-05-01,taranto,F,200021,200422,2,False,2,False,excluded_group_member,True,,excluded_by_keep_one,wta/wta_matches_1990.csv,2697,75506c3760e5ef346f31c032b37140c751716d74fabbecaa3079899d01283c6a,200422,200021,False
rating-history-sensitivities-v1,33658115ea0c757cdaf339c1e4cfc3dfdca189487252093a0df16caece39b896,WTA,1990,1990-05-01,taranto,QF,200021,200584,2,False,1,True,selected_representative,True,,updates_state_under_keep_one,wta/wta_matches_1990.csv,2224,fc91fda3d01f4928e8bd3f211f63da334460f2f424165cb216a857036a268a67,200021,200584,False
rating-history-sensitivities-v1,33658115ea0c757cdaf339c1e4cfc3dfdca189487252093a0df16caece39b896,WTA,1990,1990-05-01,taranto,QF,200021,200584,2,False,2,False,excluded_group_member,True,,excluded_by_keep_one,wta/wta_matches_1990.csv,2693,8e191b0175128ee9cae37383c187c79067aaf72f8f810189943882ff496fd344,200021,200584,False
rating-history-sensitivities-v1,8c48b2e4672986a5625b76b98eeb884e17530a44d450c392c1f8a3217ddebb6d,WTA,1990,1990-05-01,taranto,QF,200422,200452,2,False,1,True,selected_representative,True,,updates_state_under_keep_one,wta/wta_matches_1990.csv,2221,6114ea6386c73509cd52ed076e1436591fb60c5316cbfd610323e74390416f6e,200422,200452,False
rating-history-sensitivities-v1,8c48b2e4672986a5625b76b98eeb884e17530a44d450c392c1f8a3217ddebb6d,WTA,1990,1990-05-01,taranto,QF,200422,200452,2,False,2,False,excluded_group_member,True,,excluded_by_keep_one,wta/wta_matches_1990.csv,2691,2be85baf3f78e90168ff2b4d91454eadb6eb0a4f2f7776ff67ab12f16dff26e1,200422,200452,False
rating-history-sensitivities-v1,d4c9cf3e8d2370c5fce8a1b0514f911c474874c0e7e816d5fd70bc3abc0a3dc1,WTA,1990,1990-05-01,taranto,QF,200595,200616,2,False,1,True,selected_representative,True,,updates_state_under_keep_one,wta/wta_matches_1990.csv,2222,53be8649d47ed4b8fce4c36fb9e5c5d3164af1533f17f7b38e88e0e50267fbf4,200616,200595,False
rating-history-sensitivities-v1,d4c9cf3e8d2370c5fce8a1b0514f911c474874c0e7e816d5fd70bc3abc0a3dc1,WTA,1990,1990-05-01,taranto,QF,200595,200616,2,False,2,False,excluded_group_member,True,,excluded_by_keep_one,wta/wta_matches_1990.csv,2694,4c6b75fe6c4296987ba5688ebab283f5263c86683a7c68c7d204baaa6c9936e3,200616,200595,False
rating-history-sensitivities-v1,62d8dcea1c10e4ac0c8956137a121c892706157dc44a8d3f66847fe29dc9f4b4,WTA,1990,1990-05-01,taranto,QF,200627,201054,2,False,1,True,selected_representative,True,,updates_state_under_keep_one,wta/wta_matches_1990.csv,2223,fe3fab9bb484486a2f3199a802b43c5391b51a44d19c9b0bcc095c164794205b,200627,201054,False
rating-history-sensitivities-v1,62d8dcea1c10e4ac0c8956137a121c892706157dc44a8d3f66847fe29dc9f4b4,WTA,1990,1990-05-01,taranto,QF,200627,201054,2,False,2,False,excluded_group_member,True,,excluded_by_keep_one,wta/wta_matches_1990.csv,2692,6fb7792dd23cada7d22901679193a6ee76e220f973bc8a27536d6e222af86c3c,200627,201054,False
rating-history-sensitivities-v1,4c7ce7d2e3ff7f464ffd84f0e140b38bd528fe7aa69943e52ee2aa932f9b8cfc,WTA,1990,1990-05-01,taranto,R16,200021,201046,2,False,1,True,selected_representative,True,,updates_state_under_keep_one,wta/wta_matches_1990.csv,2219,25d2fce08ccf917793b3271bd655cfff829f4b3a9dcb691fea7a1895edc54d73,200021,201046,False
rating-history-sensitivities-v1,4c7ce7d2e3ff7f464ffd84f0e140b38bd528fe7aa69943e52ee2aa932f9b8cfc,WTA,1990,1990-05-01,taranto,R16,200021,201046,2,False,2,False,excluded_group_member,True,,excluded_by_keep_one,wta/wta_matches_1990.csv,2687,f702f9faf07417ddd4504b00c9a4ca55c86382b12302d7446097287ba9dbae11,200021,201046,False
rating-history-sensitivities-v1,d9a2dfbe2ff9007b3d5d9f08b7fbd5a5dea669d4bf2a9cf3a3b49a7930ba1195,WTA,1990,1990-05-01,taranto,R16,200422,201804,2,False,1,True,selected_representative,True,,updates_state_under_keep_one,wta/wta_matches_1990.csv,2213,076bf3345e5880104f5270c6a135bf240e7841ca9aba43e2b9535e365e8ebe2a,200422,201804,False
rating-history-sensitivities-v1,d9a2dfbe2ff9007b3d5d9f08b7fbd5a5dea669d4bf2a9cf3a3b49a7930ba1195,WTA,1990,1990-05-01,taranto,R16,200422,201804,2,False,2,False,excluded_group_member,True,,excluded_by_keep_one,wta/wta_matches_1990.csv,2684,1df2c440d20e1aa3c85827fbea6f7d161eb398c65fbaf24bc34c96db4a85af95,200422,201804,False
rating-history-sensitivities-v1,e99327740f781c10f20676bdad8eee1ac47e870dff2e89ce47dffa5ef95b104d,WTA,1990,1990-05-01,taranto,R16,200452,200615,2,False,1,True,selected_representative,True,,updates_state_under_keep_one,wta/wta_matches_1990.csv,2214,5eb8378ab985282948ba10d4611fa8e387ba94f6c472500b5f49192e9c0ee1f3,200452,200615,False
rating-history-sensitivities-v1,e99327740f781c10f20676bdad8eee1ac47e870dff2e89ce47dffa5ef95b104d,WTA,1990,1990-05-01,taranto,R16,200452,200615,2,False,2,False,excluded_group_member,True,,excluded_by_keep_one,wta/wta_matches_1990.csv,2686,9093f9efbab63800d35db72aa45c4f0d28e3996a2574b9207f1752ca73189dcb,200452,200615,False
rating-history-sensitivities-v1,fbedcf34a7d534549c3af0d7e59bff1a435e1501c59767b449446088c9ecad6c,WTA,1990,1990-05-01,taranto,R16,200584,200700,2,False,1,True,selected_representative,True,,updates_state_under_keep_one,wta/wta_matches_1990.csv,2220,8216ed327a91d4d4a13d9356433feaf9edc2247ce83c74d83faace54484a0507,200584,200700,False
rating-history-sensitivities-v1,fbedcf34a7d534549c3af0d7e59bff1a435e1501c59767b449446088c9ecad6c,WTA,1990,1990-05-01,taranto,R16,200584,200700,2,False,2,False,excluded_group_member,True,,excluded_by_keep_one,wta/wta_matches_1990.csv,2689,9a5e3975701ac7bc08ca96434be86f4e50db4f62be6ae1738c92dadc8a4599e2,200584,200700,False
rating-history-sensitivities-v1,f4fae9defc8c72a0aa27372075fc05c75f2610807ed2b530a60a7e0efd786483,WTA,1990,1990-05-01,taranto,R16,200586,200616,2,False,1,True,selected_representative,True,,updates_state_under_keep_one,wta/wta_matches_1990.csv,2216,3fed6b0c3c41bf090605d16bdb1b5cad2a813680e47cf0c1e20f61549b649301,200616,200586,False
rating-history-sensitivities-v1,f4fae9defc8c72a0aa27372075fc05c75f2610807ed2b530a60a7e0efd786483,WTA,1990,1990-05-01,taranto,R16,200586,200616,2,False,2,False,excluded_group_member,True,,excluded_by_keep_one,wta/wta_matches_1990.csv,2688,529efe7b8094b370edb04c9e0a9e03d688c3ffb2a30b1445948469acb58ac4cc,200616,200586,False
rating-history-sensitivities-v1,f537c4be45cb70eaceb30c14c959fa18d3cbb80933bba61add555f312794c555,WTA,1990,1990-05-01,taranto,R16,200595,200646,2,False,1,True,selected_representative,True,,updates_state_under_keep_one,wta/wta_matches_1990.csv,2215,e3e0753c1f57a885f3e969c60c8bb9ebfdec85ca7b30f4cdd7c1c82d9549a8c5,200595,200646,False
rating-history-sensitivities-v1,f537c4be45cb70eaceb30c14c959fa18d3cbb80933bba61add555f312794c555,WTA,1990,1990-05-01,taranto,R16,200595,200646,2,False,2,False,excluded_group_member,True,,excluded_by_keep_one,wta/wta_matches_1990.csv,2690,3811e47293ddb947fa1f99cc6950f56344ea5b4bc52096852f373db0a38866da,200595,200646,False
rating-history-sensitivities-v1,2f4683eb31ad6e51189c633c3f92c49d87dd1aedd1ed66e942a561613d0c7aa9,WTA,1990,1990-05-01,taranto,R16,200627,201021,2,False,1,True,selected_representative,True,,updates_state_under_keep_one,wta/wta_matches_1990.csv,2218,084a5fc0e02df3a483605d2c4e67cb1170bff4cd90ccd23dbf9bf588433b91c2,200627,201021,False
rating-history-sensitivities-v1,2f4683eb31ad6e51189c633c3f92c49d87dd1aedd1ed66e942a561613d0c7aa9,WTA,1990,1990-05-01,taranto,R16,200627,201021,2,False,2,False,excluded_group_member,True,,excluded_by_keep_one,wta/wta_matches_1990.csv,2685,08da2b3bc938769c1b82b5ada65d37bbfe716ff08620741b0050a035fdc692b2,200627,201021,False
rating-history-sensitivities-v1,1b940f8b5eb7cd5fbe7e685c7348ab6d36ef23f9485118a14e00e1d5da96dd72,WTA,1990,1990-05-01,taranto,R16,201048,201054,2,False,1,True,selected_representative,True,,updates_state_under_keep_one,wta/wta_matches_1990.csv,2217,2b5ab113fd846188e0ff3cbfa6cb6c82a13750445e0f239a5420d460fe6e6a70,201054,201048,False
rating-history-sensitivities-v1,1b940f8b5eb7cd5fbe7e685c7348ab6d36ef23f9485118a14e00e1d5da96dd72,WTA,1990,1990-05-01,taranto,R16,201048,201054,2,False,2,False,excluded_group_member,True,,excluded_by_keep_one,wta/wta_matches_1990.csv,2683,fb19125a477bcc5288a4e6211ebfd70400e84de5cdeaa8cb9a32ff362d6b4c3a,201054,201048,False
rating-history-sensitivities-v1,c9f2a631be7251fee1bf91c6a61ef27dd216e86ec8ba7828afabee248f368da9,WTA,1990,1990-05-01,taranto,R32,200021,200623,2,False,1,True,selected_representative,True,,updates_state_under_keep_one,wta/wta_matches_1990.csv,2210,5b38f7c4ee44f4786684e65315e6017e39959727c078de240dd04dbf7c2388a5,200021,200623,False
rating-history-sensitivities-v1,c9f2a631be7251fee1bf91c6a61ef27dd216e86ec8ba7828afabee248f368da9,WTA,1990,1990-05-01,taranto,R32,200021,200623,2,False,2,False,excluded_group_member,True,,excluded_by_keep_one,wta/wta_matches_1990.csv,2676,42237a60c8f5cba247795a2122917a6aba413fbe51dc1cbdc8835b30ce464879,200021,200623,False
rating-history-sensitivities-v1,82d797cad0caab53aee5eae075c8bb060de02e8f37c437eada90d69c77197a94,WTA,1990,1990-05-01,taranto,R32,200398,200452,2,False,1,True,selected_representative,True,,updates_state_under_keep_one,wta/wta_matches_1990.csv,2199,b73ebdb5d5cacff2ad3480fd7b2b06251ff05a988b41a6493974d21f2e059e73,200452,200398,False
rating-history-sensitivities-v1,82d797cad0caab53aee5eae075c8bb060de02e8f37c437eada90d69c77197a94,WTA,1990,1990-05-01,taranto,R32,200398,200452,2,False,2,False,excluded_group_member,True,,excluded_by_keep_one,wta/wta_matches_1990.csv,2673,33735448a80ceb8f9d6a8732ab40a94ee7f48857b95f2a5f599e10b72bb8756c,200452,200398,False
rating-history-sensitivities-v1,7e624b1dfd8fadda7e551bfea8c2f60d5478d42dfdaea4d21f43f8f71645943b,WTA,1990,1990-05-01,taranto,R32,200422,200484,2,False,1,True,selected_representative,True,,updates_state_under_keep_one,wta/wta_matches_1990.csv,2197,81e83b9d7bb64c03687b1e05231977152b5cb58948a4944f94a107fe092bc4fe,200422,200484,False
rating-history-sensitivities-v1,7e624b1dfd8fadda7e551bfea8c2f60d5478d42dfdaea4d21f43f8f71645943b,WTA,1990,1990-05-01,taranto,R32,200422,200484,2,False,2,False,excluded_group_member,True,,excluded_by_keep_one,wta/wta_matches_1990.csv,2670,5e37bdf27b8f3ee1847b90b52e60fb439a8198ac2958020020b58501779faafd,200422,200484,False
rating-history-sensitivities-v1,462f957fac1a617a34ebf0e2442db65722f6111a0eaa9ee868e148aca8a5a73d,WTA,1990,1990-05-01,taranto,R32,200467,200700,2,False,1,True,selected_representative,True,,updates_state_under_keep_one,wta/wta_matches_1990.csv,2211,53892db77fb1115cca4bf669b5c6411188987ad8b1a62a263c6fba69ced6a1c1,200700,200467,False
rating-history-sensitivities-v1,462f957fac1a617a34ebf0e2442db65722f6111a0eaa9ee868e148aca8a5a73d,WTA,1990,1990-05-01,taranto,R32,200467,200700,2,False,2,False,excluded_group_member,True,,excluded_by_keep_one,wta/wta_matches_1990.csv,2678,54572556c52fd3e7e12edaa1fd9e226cdcd4eddc59fb5c32fbc22cbc1820d6a3,200700,200467,False
rating-history-sensitivities-v1,ae313c3adbd774ace1bf88738eea4d712b028bb5d59113bfee891c32eb2572e6,WTA,1990,1990-05-01,taranto,R32,200544,200646,2,False,1,True,selected_representative,True,,updates_state_under_keep_one,wta/wta_matches_1990.csv,2202,26166e7dd66af17d3a58110b5593fc41ce5a20cdb1c3ca36c63d50d7f92faa24,200646,200544,False
rating-history-sensitivities-v1,ae313c3adbd774ace1bf88738eea4d712b028bb5d59113bfee891c32eb2572e6,WTA,1990,1990-05-01,taranto,R32,200544,200646,2,False,2,False,excluded_group_member,True,,excluded_by_keep_one,wta/wta_matches_1990.csv,2672,c33894fc54f10605417ea49aab5a756c1e00f9e016c898164dca5810867a1e88,200646,200544,False
rating-history-sensitivities-v1,99c9c3e04b5e5494e61b9d9ce6ad6dbec3d992ce92a67d79d6316e4df940cacc,WTA,1990,1990-05-01,taranto,R32,200570,200627,2,False,1,True,selected_representative,True,,updates_state_under_keep_one,wta/wta_matches_1990.csv,2207,eb737cd115f18589f98ded14150fe0fe9ce4024eb252c9c452877368fe983917,200627,200570,False
rating-history-sensitivities-v1,99c9c3e04b5e5494e61b9d9ce6ad6dbec3d992ce92a67d79d6316e4df940cacc,WTA,1990,1990-05-01,taranto,R32,200570,200627,2,False,2,False,excluded_group_member,True,,excluded_by_keep_one,wta/wta_matches_1990.csv,2671,d82da5dac156fd86b95aeb68e2ac8648e6b74e178ec5334c4a19a8bce6a7f9a5,200627,200570,False
rating-history-sensitivities-v1,6d4e3a2aa33f23c2cb47da4cc6965aeb6a089fddda61a52d0bd84e84dd2473b6,WTA,1990,1990-05-01,taranto,R32,200574,200616,2,False,1,True,selected_representative,True,,updates_state_under_keep_one,wta/wta_matches_1990.csv,2204,1c166d02dbf7469549261d2fb1352c15c36086dc5ba82e5f024e86bb83acc5fa,200616,200574,False
rating-history-sensitivities-v1,6d4e3a2aa33f23c2cb47da4cc6965aeb6a089fddda61a52d0bd84e84dd2473b6,WTA,1990,1990-05-01,taranto,R32,200574,200616,2,False,2,False,excluded_group_member,True,,excluded_by_keep_one,wta/wta_matches_1990.csv,2677,6248d2f968ec91e9dd88bd8eb632118bddfef708167d5746cb2c56bfc8a0bdb1,200616,200574,False
rating-history-sensitivities-v1,4256f44d2539b28bb104c536378efb2440abde493367fcb642579006f903d62b,WTA,1990,1990-05-01,taranto,R32,200584,201042,2,False,1,True,selected_representative,True,,updates_state_under_keep_one,wta/wta_matches_1990.csv,2212,b9c318c7b48c0327eaff5e304e263045ad641018afb21af5d3f64ce0c7abbc70,200584,201042,False
rating-history-sensitivities-v1,4256f44d2539b28bb104c536378efb2440abde493367fcb642579006f903d62b,WTA,1990,1990-05-01,taranto,R32,200584,201042,2,False,2,False,excluded_group_member,True,,excluded_by_keep_one,wta/wta_matches_1990.csv,2681,b54af1d0b186fb92dd12fd69af1ec904437c094e2bfeaa8aa1d4f980b5dfe621,200584,201042,False
rating-history-sensitivities-v1,fdb93e5e7ed54073c6f2d6b3e0625009dca611bd8a46bd4b27a9eb4acb4199e4,WTA,1990,1990-05-01,taranto,R32,200586,200607,2,False,1,True,selected_representative,True,,updates_state_under_keep_one,wta/wta_matches_1990.csv,2203,952667dfad2ca597846daeb087f5d206129997866f3b791a5e88c57f20c6746c,200586,200607,False
rating-history-sensitivities-v1,fdb93e5e7ed54073c6f2d6b3e0625009dca611bd8a46bd4b27a9eb4acb4199e4,WTA,1990,1990-05-01,taranto,R32,200586,200607,2,False,2,False,excluded_group_member,True,,excluded_by_keep_one,wta/wta_matches_1990.csv,2674,49e67cd9cbebcb306004aead4e839776ce488ca640e97a4fe6900ba484befb7d,200586,200607,False
rating-history-sensitivities-v1,3a680ccc7d099ccbb462bc1f537f12725042226900c0fcd3981f10a881da5a87,WTA,1990,1990-05-01,taranto,R32,200595,200626,2,False,1,True,selected_representative,True,,updates_state_under_keep_one,wta/wta_matches_1990.csv,2201,157540159b36bb698718b9fede0ce3fd0d6e9f4d52a29a7ecc16041d0280bcda,200595,200626,False
rating-history-sensitivities-v1,3a680ccc7d099ccbb462bc1f537f12725042226900c0fcd3981f10a881da5a87,WTA,1990,1990-05-01,taranto,R32,200595,200626,2,False,2,False,excluded_group_member,True,,excluded_by_keep_one,wta/wta_matches_1990.csv,2682,5cd8ac27f2cf11e355eff17d0bd94386bfeeca5876504dfa2f0c45125730a0c8,200595,200626,False
rating-history-sensitivities-v1,66e2a2a75e4514cfa871461aa50aa109c01270f897494eba6c749f697be2d954,WTA,1990,1990-05-01,taranto,R32,200615,200625,2,False,1,True,selected_representative,True,,updates_state_under_keep_one,wta/wta_matches_1990.csv,2200,b6b25774f25fcc0494a8566be68cdb283385ea6c42a9b24f6dd1c7a98c4549f1,200615,200625,False
rating-history-sensitivities-v1,66e2a2a75e4514cfa871461aa50aa109c01270f897494eba6c749f697be2d954,WTA,1990,1990-05-01,taranto,R32,200615,200625,2,False,2,False,excluded_group_member,True,,excluded_by_keep_one,wta/wta_matches_1990.csv,2680,c422a64aea8122630dd3eed9ee2578651cc4e8a5e558a94c76067a04940f9572,200615,200625,False
rating-history-sensitivities-v1,7db83c5aab5f898f26e5cc28f9ffe7eb32ac0dced729bec05ebc44672575089b,WTA,1990,1990-05-01,taranto,R32,200639,201804,2,False,1,True,selected_representative,True,,updates_state_under_keep_one,wta/wta_matches_1990.csv,2198,a27ceebdee6d5d3e5aba23db17dfd2a57cf0bb3a1c31d6264d9dadf72f946224,201804,200639,False
rating-history-sensitivities-v1,7db83c5aab5f898f26e5cc28f9ffe7eb32ac0dced729bec05ebc44672575089b,WTA,1990,1990-05-01,taranto,R32,200639,201804,2,False,2,False,excluded_group_member,True,,excluded_by_keep_one,wta/wta_matches_1990.csv,2675,cbc9f456c685d868efe7dc7840e6182e59757c96a5f70526dab9d7eb29b39aa7,201804,200639,False
rating-history-sensitivities-v1,682412765768e09f33e219a27e60fabc64719ce5fa1a93ed5e0074f2f3487918,WTA,1990,1990-05-01,taranto,R32,200661,201021,2,False,1,True,selected_representative,True,,updates_state_under_keep_one,wta/wta_matches_1990.csv,2208,cea9874e38c1feb8eaddbcc56ab4685999ff12670101d9e98c09bec6bb2ea48d,201021,200661,False
rating-history-sensitivities-v1,682412765768e09f33e219a27e60fabc64719ce5fa1a93ed5e0074f2f3487918,WTA,1990,1990-05-01,taranto,R32,200661,201021,2,False,2,False,excluded_group_member,True,,excluded_by_keep_one,wta/wta_matches_1990.csv,2679,28d0025effe4223a8bd85e2e482590df840ab6dc471d175cb87ef5fb00de20e7,201021,200661,False
rating-history-sensitivities-v1,cae37417578275dad63f527a105ea953c8d5731850f2835af89507d7479296c3,WTA,1990,1990-05-01,taranto,R32,200666,201054,2,False,1,True,selected_representative,True,,updates_state_under_keep_one,wta/wta_matches_1990.csv,2206,b090f9eadc90dbcb9044f3e36506ffe391ac3a264f6bee07f209aa52f72a1c55,201054,200666,False
rating-history-sensitivities-v1,cae37417578275dad63f527a105ea953c8d5731850f2835af89507d7479296c3,WTA,1990,1990-05-01,taranto,R32,200666,201054,2,False,2,False,excluded_group_member,True,,excluded_by_keep_one,wta/wta_matches_1990.csv,2669,d58f78abc0b100fde26dbb72c4cd7d4c3ef5d6300c1a5cd60c8a7c41cf49d3ac,201054,200666,False
rating-history-sensitivities-v1,5b6641348df88d3f88441e3f20504dc26e01b65ddc5b38e65d58281a85b7daa6,WTA,1990,1990-05-01,taranto,R32,201048,201052,2,False,1,True,selected_representative,True,,updates_state_under_keep_one,wta/wta_matches_1990.csv,2205,48c2489be7ef5f9294dfff0d3081d0da5186f446b8eecc91a90ec9a0aae2bc44,201048,201052,False
rating-history-sensitivities-v1,5b6641348df88d3f88441e3f20504dc26e01b65ddc5b38e65d58281a85b7daa6,WTA,1990,1990-05-01,taranto,R32,201048,201052,2,False,2,False,excluded_group_member,True,,excluded_by_keep_one,wta/wta_matches_1990.csv,2668,7272cef4e7b801997ae220601b215d04c06286f03f41e923317badb878180df6,201048,201052,False
rating-history-sensitivities-v1,0542d4f81186d72a0af4c5b0438402f12cba6ca4905dd357b99fbc8d59376339,WTA,1990,1990-05-01,taranto,SF,200021,200627,2,False,1,True,selected_representative,True,,updates_state_under_keep_one,wta/wta_matches_1990.csv,2226,a2360f995486a9266e0050f197eccf2bafcc6b72b24dddba73f9dd4f8a6d0c6e,200021,200627,False
rating-history-sensitivities-v1,0542d4f81186d72a0af4c5b0438402f12cba6ca4905dd357b99fbc8d59376339,WTA,1990,1990-05-01,taranto,SF,200021,200627,2,False,2,False,excluded_group_member,True,,excluded_by_keep_one,wta/wta_matches_1990.csv,2696,b1b458759a956061acc4829bba98bf85f3e96bebff8b0af001b237550ccc4140,200021,200627,False
rating-history-sensitivities-v1,ce53fd12354d1acab1026471745829b619c3539be4f275d3c4b5e5ded543949a,WTA,1990,1990-05-01,taranto,SF,200422,200616,2,False,1,True,selected_representative,True,,updates_state_under_keep_one,wta/wta_matches_1990.csv,2225,2c02eb82681db256fd97bf3955c30fc385ea84ef07bf94f10b42616b861fdcac,200422,200616,False
rating-history-sensitivities-v1,ce53fd12354d1acab1026471745829b619c3539be4f275d3c4b5e5ded543949a,WTA,1990,1990-05-01,taranto,SF,200422,200616,2,False,2,False,excluded_group_member,True,,excluded_by_keep_one,wta/wta_matches_1990.csv,2695,1bd9927b8d84cbe17564e8f52743af11109f8c754ce0c44e5f9db43c1f7c3cc8,200422,200616,False
